1,1,1
1,2,1
1,3,0
1,4,0
1,5,1
1,6,1
1,7,0
1,8,0
1,9,0
1,10,0
1,11,0
1,12,0
1,13,0
1,14,0
1,15,0
1,16,0
1,17,0
1,18,0
1,19,0
1,20,0
1,21,0
1,22,1
1,23,0
1,24,0
1,25,0
1,26,0
1,27,0
1,28,0
1,29,0
1,30,0
1,31,0
1,32,0
1,33,0
1,34,0
1,35,0
1,36,0
1,37,1
1,38,0
1,39,0
2,1,1
2,2,0
2,3,0
2,4,0
2,5,0
2,6,0
2,7,0
2,8,0
2,9,1
2,10,0
2,11,0
2,12,0
2,13,0
2,14,0
2,15,0
2,16,0
2,17,0
2,18,0
2,19,0
2,20,0
2,21,0
2,22,1
2,23,0
2,24,0
2,25,0
2,26,0
2,27,0
2,28,0
2,29,0
2,30,0
2,31,0
2,32,0
2,33,0
2,34,0
2,35,0
2,36,0
2,37,1
2,38,0
2,39,0
3,1,1
3,2,1
3,3,0
3,4,0
3,5,0
3,6,1
3,7,0
3,8,0
3,9,1
3,10,1
3,11,0
3,12,0
3,13,0
3,14,0
3,15,0
3,16,0
3,17,1
3,18,0
3,19,0
3,20,0
3,21,0
3,22,1
3,23,0
3,24,0
3,25,0
3,26,0
3,27,0
3,28,0
3,29,0
3,30,1
3,31,0
3,32,0
3,33,0
3,34,0
3,35,0
3,36,0
3,37,1
3,38,0
3,39,0
4,1,1
4,2,1
4,3,0
4,4,1
4,5,0
4,6,0
4,7,0
4,8,0
4,9,1
4,10,0
4,11,0
4,12,0
4,13,0
4,14,0
4,15,0
4,16,0
4,17,1
4,18,0
4,19,1
4,20,0
4,21,0
4,22,1
4,23,0
4,24,0
4,25,0
4,26,0
4,27,0
4,28,0
4,29,0
4,30,0
4,31,0
4,32,0
4,33,0
4,34,0
4,35,0
4,36,1
4,37,1
4,38,0
4,39,0
5,1,0
5,2,1
5,3,0
5,4,1
5,5,0
5,6,0
5,7,0
5,8,0
5,9,1
5,10,0
5,11,0
5,12,1
5,13,0
5,14,0
5,15,1
5,16,0
5,17,0
5,18,0
5,19,0
5,20,0
5,21,0
5,22,1
5,23,0
5,24,0
5,25,0
5,26,0
5,27,0
5,28,0
5,29,0
5,30,0
5,31,0
5,32,0
5,33,0
5,34,0
5,35,0
5,36,1
5,37,1
5,38,0
5,39,0
6,1,1
6,2,1
6,3,0
6,4,1
6,5,1
6,6,0
6,7,0
6,8,1
6,9,1
6,10,0
6,11,0
6,12,0
6,13,0
6,14,0
6,15,0
6,16,0
6,17,1
6,18,0
6,19,0
6,20,0
6,21,0
6,22,1
6,23,0
6,24,0
6,25,0
6,26,0
6,27,0
6,28,0
6,29,0
6,30,1
6,31,0
6,32,0
6,33,0
6,34,0
6,35,0
6,36,0
6,37,1
6,38,0
6,39,0
7,1,1
7,2,1
7,3,0
7,4,1
7,5,0
7,6,0
7,7,1
7,8,1
7,9,1
7,10,0
7,11,0
7,12,0
7,13,0
7,14,0
7,15,0
7,16,0
7,17,0
7,18,0
7,19,0
7,20,0
7,21,0
7,22,0
7,23,0
7,24,0
7,25,0
7,26,0
7,27,1
7,28,0
7,29,0
7,30,0
7,31,0
7,32,0
7,33,0
7,34,0
7,35,0
7,36,0
7,37,1
7,38,0
7,39,0
8,1,1
8,2,1
8,3,0
8,4,1
8,5,1
8,6,0
8,7,1
8,8,1
8,9,1
8,10,0
8,11,0
8,12,0
8,13,0
8,14,0
8,15,0
8,16,0
8,17,0
8,18,1
8,19,0
8,20,0
8,21,0
8,22,0
8,23,0
8,24,0
8,25,0
8,26,0
8,27,0
8,28,0
8,29,0
8,30,1
8,31,0
8,32,0
8,33,0
8,34,0
8,35,0
8,36,0
8,37,1
8,38,1
8,39,0
9,1,1
9,2,1
9,3,0
9,4,1
9,5,0
9,6,1
9,7,0
9,8,1
9,9,1
9,10,0
9,11,0
9,12,0
9,13,0
9,14,0
9,15,0
9,16,1
9,17,1
9,18,0
9,19,0
9,20,0
9,21,0
9,22,0
9,23,0
9,24,0
9,25,0
9,26,0
9,27,0
9,28,0
9,29,0
9,30,1
9,31,0
9,32,0
9,33,0
9,34,0
9,35,0
9,36,0
9,37,1
9,38,0
9,39,0
10,1,1
10,2,1
10,3,1
10,4,1
10,5,1
10,6,1
10,7,1
10,8,0
10,9,1
10,10,0
10,11,1
10,12,1
10,13,0
10,14,1
10,15,0
10,16,1
10,17,0
10,18,1
10,19,0
10,20,1
10,21,1
10,22,0
10,23,0
10,24,0
10,25,0
10,26,1
10,27,0
10,28,1
10,29,0
10,30,1
10,31,1
10,32,0
10,33,0
10,34,0
10,35,1
10,36,1
10,37,1
10,38,0
10,39,0
11,1,1
11,2,1
11,3,0
11,4,1
11,5,1
11,6,1
11,7,1
11,8,0
11,9,1
11,10,0
11,11,0
11,12,0
11,13,0
11,14,0
11,15,0
11,16,0
11,17,0
11,18,0
11,19,1
11,20,0
11,21,0
11,22,1
11,23,1
11,24,1
11,25,0
11,26,0
11,27,1
11,28,0
11,29,1
11,30,1
11,31,0
11,32,0
11,33,0
11,34,0
11,35,1
11,36,0
11,37,1
11,38,0
11,39,0
12,1,1
12,2,0
12,3,0
12,4,0
12,5,0
12,6,0
12,7,0
12,8,0
12,9,1
12,10,0
12,11,1
12,12,0
12,13,0
12,14,0
12,15,0
12,16,0
12,17,1
12,18,0
12,19,1
12,20,0
12,21,0
12,22,1
12,23,1
12,24,0
12,25,0
12,26,0
12,27,0
12,28,0
12,29,0
12,30,0
12,31,0
12,32,0
12,33,0
12,34,0
12,35,0
12,36,0
12,37,1
12,38,0
12,39,0
13,1,1
13,2,1
13,3,0
13,4,1
13,5,1
13,6,0
13,7,0
13,8,0
13,9,1
13,10,0
13,11,0
13,12,0
13,13,0
13,14,0
13,15,0
13,16,0
13,17,1
13,18,0
13,19,0
13,20,0
13,21,0
13,22,1
13,23,0
13,24,0
13,25,0
13,26,0
13,27,0
13,28,0
13,29,0
13,30,1
13,31,0
13,32,0
13,33,0
13,34,0
13,35,0
13,36,0
13,37,1
13,38,0
13,39,0
14,1,1
14,2,0
14,3,0
14,4,1
14,5,1
14,6,0
14,7,1
14,8,0
14,9,1
14,10,0
14,11,0
14,12,0
14,13,0
14,14,0
14,15,0
14,16,0
14,17,0
14,18,0
14,19,0
14,20,0
14,21,0
14,22,1
14,23,0
14,24,0
14,25,0
14,26,0
14,27,0
14,28,0
14,29,0
14,30,0
14,31,0
14,32,0
14,33,0
14,34,0
14,35,0
14,36,0
14,37,1
14,38,0
14,39,0
15,1,1
15,2,1
15,3,0
15,4,1
15,5,1
15,6,0
15,7,0
15,8,0
15,9,1
15,10,0
15,11,1
15,12,0
15,13,0
15,14,0
15,15,0
15,16,0
15,17,0
15,18,0
15,19,1
15,20,0
15,21,0
15,22,1
15,23,0
15,24,0
15,25,0
15,26,0
15,27,1
15,28,0
15,29,0
15,30,1
15,31,0
15,32,0
15,33,0
15,34,0
15,35,0
15,36,0
15,37,1
15,38,0
15,39,0
16,1,1
16,2,1
16,3,0
16,4,1
16,5,1
16,6,0
16,7,0
16,8,0
16,9,1
16,10,0
16,11,0
16,12,0
16,13,0
16,14,0
16,15,0
16,16,0
16,17,1
16,18,0
16,19,1
16,20,0
16,21,0
16,22,1
16,23,0
16,24,0
16,25,0
16,26,0
16,27,0
16,28,0
16,29,0
16,30,1
16,31,0
16,32,0
16,33,0
16,34,0
16,35,0
16,36,0
16,37,1
16,38,0
16,39,0
17,1,1
17,2,1
17,3,0
17,4,0
17,5,0
17,6,0
17,7,0
17,8,0
17,9,1
17,10,0
17,11,0
17,12,0
17,13,1
17,14,0
17,15,0
17,16,0
17,17,0
17,18,1
17,19,0
17,20,0
17,21,0
17,22,1
17,23,0
17,24,0
17,25,0
17,26,0
17,27,0
17,28,0
17,29,0
17,30,0
17,31,0
17,32,0
17,33,0
17,34,0
17,35,0
17,36,0
17,37,1
17,38,0
17,39,0
18,1,1
18,2,0
18,3,0
18,4,1
18,5,1
18,6,0
18,7,1
18,8,0
18,9,1
18,10,0
18,11,0
18,12,0
18,13,0
18,14,0
18,15,0
18,16,1
18,17,0
18,18,0
18,19,0
18,20,0
18,21,0
18,22,1
18,23,1
18,24,0
18,25,0
18,26,0
18,27,0
18,28,0
18,29,0
18,30,1
18,31,0
18,32,0
18,33,1
18,34,0
18,35,0
18,36,1
18,37,1
18,38,0
18,39,0
19,1,1
19,2,0
19,3,0
19,4,1
19,5,0
19,6,1
19,7,1
19,8,0
19,9,1
19,10,0
19,11,0
19,12,0
19,13,0
19,14,0
19,15,0
19,16,1
19,17,1
19,18,0
19,19,0
19,20,1
19,21,0
19,22,1
19,23,0
19,24,0
19,25,0
19,26,0
19,27,0
19,28,0
19,29,0
19,30,1
19,31,0
19,32,0
19,33,0
19,34,0
19,35,0
19,36,1
19,37,1
19,38,0
19,39,0
20,1,1
20,2,1
20,3,0
20,4,1
20,5,0
20,6,0
20,7,0
20,8,0
20,9,1
20,10,0
20,11,0
20,12,0
20,13,0
20,14,0
20,15,0
20,16,0
20,17,0
20,18,0
20,19,0
20,20,0
20,21,0
20,22,1
20,23,0
20,24,0
20,25,0
20,26,0
20,27,0
20,28,0
20,29,0
20,30,0
20,31,0
20,32,0
20,33,0
20,34,0
20,35,0
20,36,0
20,37,1
20,38,0
20,39,0
21,1,1
21,2,0
21,3,0
21,4,1
21,5,1
21,6,1
21,7,0
21,8,0
21,9,1
21,10,0
21,11,0
21,12,0
21,13,0
21,14,0
21,15,0
21,16,1
21,17,0
21,18,0
21,19,0
21,20,0
21,21,0
21,22,1
21,23,0
21,24,0
21,25,0
21,26,0
21,27,0
21,28,0
21,29,0
21,30,1
21,31,0
21,32,0
21,33,0
21,34,0
21,35,0
21,36,0
21,37,1
21,38,0
21,39,0
22,1,1
22,2,0
22,3,0
22,4,0
22,5,0
22,6,1
22,7,0
22,8,0
22,9,0
22,10,0
22,11,0
22,12,0
22,13,0
22,14,0
22,15,0
22,16,0
22,17,0
22,18,0
22,19,0
22,20,0
22,21,0
22,22,1
22,23,0
22,24,0
22,25,0
22,26,0
22,27,1
22,28,1
22,29,1
22,30,0
22,31,0
22,32,0
22,33,0
22,34,0
22,35,1
22,36,0
22,37,1
22,38,0
22,39,0
23,1,0
23,2,0
23,3,0
23,4,0
23,5,0
23,6,1
23,7,0
23,8,0
23,9,1
23,10,0
23,11,0
23,12,0
23,13,0
23,14,0
23,15,0
23,16,1
23,17,0
23,18,0
23,19,0
23,20,0
23,21,0
23,22,1
23,23,1
23,24,0
23,25,0
23,26,0
23,27,0
23,28,0
23,29,0
23,30,0
23,31,0
23,32,0
23,33,0
23,34,0
23,35,0
23,36,0
23,37,1
23,38,0
23,39,0
24,1,1
24,2,0
24,3,0
24,4,1
24,5,1
24,6,0
24,7,0
24,8,0
24,9,1
24,10,0
24,11,0
24,12,0
24,13,0
24,14,0
24,15,0
24,16,0
24,17,1
24,18,0
24,19,1
24,20,0
24,21,0
24,22,1
24,23,0
24,24,0
24,25,0
24,26,0
24,27,0
24,28,0
24,29,0
24,30,1
24,31,0
24,32,0
24,33,0
24,34,0
24,35,0
24,36,0
24,37,1
24,38,0
24,39,0
25,1,1
25,2,1
25,3,0
25,4,1
25,5,1
25,6,0
25,7,0
25,8,0
25,9,1
25,10,0
25,11,0
25,12,0
25,13,0
25,14,0
25,15,0
25,16,1
25,17,1
25,18,0
25,19,1
25,20,0
25,21,0
25,22,1
25,23,0
25,24,0
25,25,0
25,26,0
25,27,0
25,28,0
25,29,0
25,30,1
25,31,0
25,32,0
25,33,0
25,34,0
25,35,0
25,36,0
25,37,0
25,38,0
25,39,0
26,1,1
26,2,1
26,3,0
26,4,1
26,5,1
26,6,0
26,7,1
26,8,0
26,9,1
26,10,0
26,11,1
26,12,0
26,13,1
26,14,1
26,15,0
26,16,1
26,17,0
26,18,1
26,19,0
26,20,1
26,21,0
26,22,1
26,23,0
26,24,0
26,25,0
26,26,0
26,27,1
26,28,0
26,29,1
26,30,1
26,31,0
26,32,0
26,33,0
26,34,1
26,35,0
26,36,0
26,37,1
26,38,1
26,39,0
27,1,0
27,2,0
27,3,0
27,4,0
27,5,0
27,6,1
27,7,1
27,8,0
27,9,0
27,10,0
27,11,0
27,12,0
27,13,0
27,14,0
27,15,1
27,16,0
27,17,0
27,18,0
27,19,0
27,20,0
27,21,1
27,22,0
27,23,1
27,24,0
27,25,0
27,26,0
27,27,1
27,28,0
27,29,0
27,30,0
27,31,0
27,32,0
27,33,1
27,34,0
27,35,0
27,36,0
27,37,1
27,38,0
27,39,0
28,1,1
28,2,1
28,3,0
28,4,1
28,5,1
28,6,0
28,7,0
28,8,1
28,9,1
28,10,0
28,11,0
28,12,0
28,13,0
28,14,0
28,15,0
28,16,0
28,17,0
28,18,0
28,19,1
28,20,0
28,21,0
28,22,1
28,23,0
28,24,0
28,25,0
28,26,0
28,27,1
28,28,0
28,29,0
28,30,0
28,31,0
28,32,0
28,33,1
28,34,0
28,35,0
28,36,0
28,37,1
28,38,0
28,39,0
29,1,1
29,2,0
29,3,0
29,4,1
29,5,0
29,6,1
29,7,0
29,8,1
29,9,1
29,10,0
29,11,0
29,12,0
29,13,0
29,14,0
29,15,0
29,16,0
29,17,1
29,18,0
29,19,0
29,20,0
29,21,0
29,22,0
29,23,0
29,24,0
29,25,0
29,26,0
29,27,0
29,28,0
29,29,0
29,30,1
29,31,0
29,32,0
29,33,0
29,34,0
29,35,0
29,36,0
29,37,1
29,38,0
29,39,0
30,1,1
30,2,1
30,3,0
30,4,0
30,5,0
30,6,1
30,7,0
30,8,1
30,9,1
30,10,0
30,11,0
30,12,0
30,13,0
30,14,0
30,15,0
30,16,0
30,17,1
30,18,0
30,19,1
30,20,0
30,21,0
30,22,1
30,23,0
30,24,0
30,25,0
30,26,0
30,27,0
30,28,0
30,29,0
30,30,1
30,31,0
30,32,0
30,33,0
30,34,0
30,35,0
30,36,0
30,37,1
30,38,0
30,39,0
31,1,1
31,2,0
31,3,0
31,4,1
31,5,1
31,6,1
31,7,1
31,8,1
31,9,1
31,10,0
31,11,0
31,12,0
31,13,0
31,14,0
31,15,0
31,16,0
31,17,1
31,18,1
31,19,0
31,20,0
31,21,0
31,22,1
31,23,0
31,24,0
31,25,0
31,26,0
31,27,1
31,28,0
31,29,0
31,30,1
31,31,0
31,32,0
31,33,0
31,34,0
31,35,0
31,36,0
31,37,1
31,38,0
31,39,0
32,1,1
32,2,1
32,3,0
32,4,1
32,5,1
32,6,0
32,7,0
32,8,0
32,9,1
32,10,0
32,11,0
32,12,0
32,13,0
32,14,0
32,15,1
32,16,0
32,17,1
32,18,0
32,19,1
32,20,0
32,21,0
32,22,1
32,23,1
32,24,0
32,25,0
32,26,0
32,27,0
32,28,0
32,29,0
32,30,1
32,31,0
32,32,0
32,33,0
32,34,0
32,35,0
32,36,0
32,37,1
32,38,0
32,39,0
33,1,0
33,2,1
33,3,0
33,4,1
33,5,1
33,6,0
33,7,1
33,8,1
33,9,1
33,10,0
33,11,0
33,12,0
33,13,0
33,14,0
33,15,0
33,16,1
33,17,1
33,18,1
33,19,1
33,20,0
33,21,0
33,22,1
33,23,0
33,24,0
33,25,0
33,26,0
33,27,0
33,28,0
33,29,0
33,30,0
33,31,0
33,32,0
33,33,0
33,34,0
33,35,0
33,36,1
33,37,1
33,38,1
33,39,0
34,1,1
34,2,0
34,3,0
34,4,0
34,5,0
34,6,1
34,7,0
34,8,0
34,9,1
34,10,0
34,11,0
34,12,0
34,13,0
34,14,0
34,15,0
34,16,0
34,17,0
34,18,0
34,19,0
34,20,0
34,21,0
34,22,1
34,23,0
34,24,0
34,25,0
34,26,0
34,27,0
34,28,0
34,29,0
34,30,0
34,31,0
34,32,0
34,33,0
34,34,0
34,35,0
34,36,0
34,37,1
34,38,0
34,39,0
35,1,0
35,2,0
35,3,0
35,4,1
35,5,0
35,6,1
35,7,1
35,8,0
35,9,0
35,10,0
35,11,0
35,12,0
35,13,1
35,14,0
35,15,0
35,16,1
35,17,1
35,18,0
35,19,0
35,20,1
35,21,0
35,22,1
35,23,0
35,24,0
35,25,0
35,26,0
35,27,0
35,28,0
35,29,0
35,30,0
35,31,0
35,32,0
35,33,0
35,34,0
35,35,0
35,36,0
35,37,1
35,38,0
35,39,0
36,1,0
36,2,1
36,3,0
36,4,1
36,5,0
36,6,0
36,7,1
36,8,1
36,9,1
36,10,0
36,11,0
36,12,0
36,13,0
36,14,0
36,15,0
36,16,1
36,17,1
36,18,0
36,19,1
36,20,0
36,21,0
36,22,1
36,23,0
36,24,0
36,25,0
36,26,0
36,27,1
36,28,0
36,29,0
36,30,1
36,31,0
36,32,0
36,33,0
36,34,0
36,35,0
36,36,0
36,37,1
36,38,0
36,39,0
37,1,0
37,2,1
37,3,0
37,4,1
37,5,0
37,6,0
37,7,1
37,8,1
37,9,1
37,10,0
37,11,0
37,12,0
37,13,0
37,14,0
37,15,0
37,16,1
37,17,1
37,18,0
37,19,0
37,20,0
37,21,0
37,22,0
37,23,0
37,24,0
37,25,0
37,26,0
37,27,1
37,28,0
37,29,0
37,30,0
37,31,0
37,32,0
37,33,0
37,34,0
37,35,0
37,36,0
37,37,1
37,38,1
37,39,0
38,1,1
38,2,0
38,3,0
38,4,1
38,5,1
38,6,1
38,7,0
38,8,0
38,9,1
38,10,0
38,11,0
38,12,0
38,13,0
38,14,0
38,15,0
38,16,1
38,17,1
38,18,0
38,19,1
38,20,0
38,21,0
38,22,1
38,23,0
38,24,0
38,25,0
38,26,0
38,27,0
38,28,0
38,29,0
38,30,1
38,31,0
38,32,0
38,33,0
38,34,0
38,35,0
38,36,0
38,37,1
38,38,0
38,39,0
39,1,1
39,2,0
39,3,0
39,4,1
39,5,0
39,6,0
39,7,0
39,8,0
39,9,0
39,10,0
39,11,0
39,12,0
39,13,0
39,14,0
39,15,0
39,16,1
39,17,1
39,18,0
39,19,0
39,20,0
39,21,0
39,22,1
39,23,0
39,24,0
39,25,0
39,26,0
39,27,0
39,28,0
39,29,0
39,30,1
39,31,0
39,32,0
39,33,0
39,34,0
39,35,0
39,36,0
39,37,1
39,38,0
39,39,0
40,1,1
40,2,1
40,3,1
40,4,1
40,5,1
40,6,1
40,7,1
40,8,0
40,9,1
40,10,0
40,11,1
40,12,0
40,13,0
40,14,0
40,15,1
40,16,0
40,17,1
40,18,1
40,19,0
40,20,1
40,21,0
40,22,1
40,23,0
40,24,1
40,25,0
40,26,1
40,27,0
40,28,1
40,29,1
40,30,0
40,31,1
40,32,0
40,33,1
40,34,0
40,35,1
40,36,1
40,37,1
40,38,0
40,39,0
41,1,1
41,2,0
41,3,0
41,4,1
41,5,0
41,6,1
41,7,0
41,8,0
41,9,1
41,10,0
41,11,0
41,12,0
41,13,0
41,14,0
41,15,0
41,16,0
41,17,1
41,18,0
41,19,0
41,20,0
41,21,0
41,22,1
41,23,0
41,24,0
41,25,0
41,26,0
41,27,0
41,28,0
41,29,0
41,30,1
41,31,0
41,32,0
41,33,0
41,34,0
41,35,0
41,36,0
41,37,1
41,38,1
41,39,0
42,1,1
42,2,0
42,3,0
42,4,1
42,5,0
42,6,0
42,7,1
42,8,0
42,9,1
42,10,0
42,11,0
42,12,0
42,13,0
42,14,0
42,15,0
42,16,0
42,17,1
42,18,0
42,19,1
42,20,0
42,21,0
42,22,1
42,23,0
42,24,0
42,25,0
42,26,0
42,27,0
42,28,0
42,29,0
42,30,1
42,31,0
42,32,0
42,33,0
42,34,0
42,35,0
42,36,0
42,37,0
42,38,0
42,39,0
43,1,1
43,2,1
43,3,0
43,4,1
43,5,0
43,6,0
43,7,1
43,8,0
43,9,1
43,10,0
43,11,0
43,12,0
43,13,1
43,14,1
43,15,0
43,16,1
43,17,1
43,18,1
43,19,0
43,20,0
43,21,0
43,22,1
43,23,0
43,24,0
43,25,0
43,26,0
43,27,0
43,28,0
43,29,0
43,30,1
43,31,0
43,32,0
43,33,0
43,34,0
43,35,0
43,36,0
43,37,1
43,38,1
43,39,0
44,1,0
44,2,0
44,3,0
44,4,0
44,5,0
44,6,0
44,7,0
44,8,0
44,9,0
44,10,0
44,11,0
44,12,0
44,13,0
44,14,0
44,15,0
44,16,0
44,17,1
44,18,0
44,19,0
44,20,0
44,21,0
44,22,1
44,23,0
44,24,0
44,25,0
44,26,0
44,27,0
44,28,0
44,29,0
44,30,0
44,31,0
44,32,0
44,33,0
44,34,0
44,35,0
44,36,0
44,37,1
44,38,0
44,39,0
45,1,0
45,2,0
45,3,0
45,4,0
45,5,1
45,6,0
45,7,0
45,8,0
45,9,1
45,10,0
45,11,0
45,12,0
45,13,0
45,14,0
45,15,0
45,16,0
45,17,1
45,18,0
45,19,1
45,20,0
45,21,0
45,22,1
45,23,0
45,24,0
45,25,0
45,26,0
45,27,0
45,28,0
45,29,0
45,30,1
45,31,0
45,32,0
45,33,0
45,34,0
45,35,0
45,36,0
45,37,1
45,38,0
45,39,0
46,1,0
46,2,0
46,3,0
46,4,0
46,5,1
46,6,0
46,7,0
46,8,0
46,9,1
46,10,0
46,11,0
46,12,0
46,13,0
46,14,0
46,15,0
46,16,0
46,17,1
46,18,0
46,19,1
46,20,0
46,21,0
46,22,1
46,23,0
46,24,0
46,25,0
46,26,0
46,27,0
46,28,0
46,29,0
46,30,1
46,31,0
46,32,0
46,33,0
46,34,0
46,35,0
46,36,0
46,37,1
46,38,0
46,39,0
47,1,0
47,2,0
47,3,0
47,4,0
47,5,1
47,6,1
47,7,0
47,8,0
47,9,0
47,10,0
47,11,0
47,12,0
47,13,0
47,14,0
47,15,0
47,16,0
47,17,1
47,18,0
47,19,0
47,20,0
47,21,0
47,22,1
47,23,0
47,24,0
47,25,0
47,26,0
47,27,0
47,28,0
47,29,0
47,30,0
47,31,0
47,32,0
47,33,0
47,34,0
47,35,0
47,36,0
47,37,0
47,38,0
47,39,0
48,1,0
48,2,0
48,3,0
48,4,1
48,5,1
48,6,0
48,7,0
48,8,0
48,9,0
48,10,0
48,11,0
48,12,0
48,13,0
48,14,0
48,15,0
48,16,0
48,17,1
48,18,0
48,19,0
48,20,0
48,21,0
48,22,1
48,23,0
48,24,0
48,25,0
48,26,0
48,27,0
48,28,0
48,29,0
48,30,0
48,31,0
48,32,0
48,33,0
48,34,0
48,35,0
48,36,0
48,37,0
48,38,0
48,39,0
49,1,0
49,2,0
49,3,0
49,4,1
49,5,1
49,6,1
49,7,1
49,8,0
49,9,1
49,10,0
49,11,0
49,12,0
49,13,0
49,14,0
49,15,0
49,16,0
49,17,1
49,18,1
49,19,0
49,20,0
49,21,0
49,22,1
49,23,0
49,24,0
49,25,0
49,26,0
49,27,0
49,28,0
49,29,0
49,30,0
49,31,0
49,32,0
49,33,0
49,34,0
49,35,0
49,36,0
49,37,1
49,38,0
49,39,0
50,1,1
50,2,1
50,3,0
50,4,1
50,5,1
50,6,0
50,7,1
50,8,0
50,9,0
50,10,0
50,11,1
50,12,1
50,13,0
50,14,1
50,15,1
50,16,1
50,17,0
50,18,0
50,19,0
50,20,1
50,21,1
50,22,1
50,23,1
50,24,1
50,25,1
50,26,1
50,27,1
50,28,1
50,29,0
50,30,1
50,31,1
50,32,0
50,33,1
50,34,0
50,35,1
50,36,1
50,37,1
50,38,1
50,39,1
51,1,1
51,2,1
51,3,0
51,4,0
51,5,0
51,6,1
51,7,1
51,8,0
51,9,1
51,10,0
51,11,0
51,12,0
51,13,0
51,14,0
51,15,0
51,16,1
51,17,1
51,18,0
51,19,0
51,20,1
51,21,0
51,22,1
51,23,0
51,24,0
51,25,0
51,26,0
51,27,1
51,28,0
51,29,0
51,30,1
51,31,0
51,32,0
51,33,0
51,34,0
51,35,0
51,36,0
51,37,1
51,38,1
51,39,0
52,1,1
52,2,1
52,3,0
52,4,0
52,5,0
52,6,0
52,7,0
52,8,0
52,9,1
52,10,0
52,11,1
52,12,0
52,13,0
52,14,0
52,15,0
52,16,1
52,17,0
52,18,0
52,19,1
52,20,0
52,21,0
52,22,1
52,23,0
52,24,0
52,25,0
52,26,1
52,27,0
52,28,0
52,29,0
52,30,0
52,31,0
52,32,0
52,33,0
52,34,0
52,35,0
52,36,0
52,37,1
52,38,0
52,39,0
53,1,1
53,2,1
53,3,0
53,4,1
53,5,1
53,6,0
53,7,0
53,8,0
53,9,1
53,10,1
53,11,1
53,12,1
53,13,0
53,14,0
53,15,1
53,16,1
53,17,1
53,18,1
53,19,1
53,20,0
53,21,0
53,22,1
53,23,1
53,24,1
53,25,0
53,26,0
53,27,1
53,28,0
53,29,0
53,30,1
53,31,0
53,32,1
53,33,0
53,34,0
53,35,0
53,36,1
53,37,1
53,38,1
53,39,0
54,1,1
54,2,1
54,3,0
54,4,1
54,5,1
54,6,1
54,7,0
54,8,0
54,9,1
54,10,1
54,11,1
54,12,1
54,13,0
54,14,0
54,15,1
54,16,0
54,17,0
54,18,0
54,19,1
54,20,0
54,21,0
54,22,1
54,23,0
54,24,1
54,25,0
54,26,0
54,27,0
54,28,0
54,29,0
54,30,0
54,31,0
54,32,1
54,33,0
54,34,0
54,35,0
54,36,0
54,37,1
54,38,0
54,39,0
55,1,1
55,2,1
55,3,0
55,4,1
55,5,0
55,6,0
55,7,1
55,8,0
55,9,1
55,10,0
55,11,0
55,12,0
55,13,0
55,14,0
55,15,0
55,16,1
55,17,0
55,18,1
55,19,0
55,20,0
55,21,0
55,22,1
55,23,0
55,24,0
55,25,0
55,26,0
55,27,1
55,28,0
55,29,1
55,30,1
55,31,0
55,32,0
55,33,0
55,34,0
55,35,0
55,36,0
55,37,1
55,38,1
55,39,0
56,1,1
56,2,1
56,3,0
56,4,1
56,5,1
56,6,0
56,7,0
56,8,0
56,9,1
56,10,0
56,11,0
56,12,0
56,13,0
56,14,0
56,15,0
56,16,0
56,17,0
56,18,0
56,19,0
56,20,0
56,21,0
56,22,0
56,23,0
56,24,0
56,25,0
56,26,0
56,27,0
56,28,0
56,29,0
56,30,0
56,31,0
56,32,0
56,33,0
56,34,0
56,35,0
56,36,0
56,37,1
56,38,0
56,39,0
57,1,1
57,2,0
57,3,0
57,4,0
57,5,1
57,6,1
57,7,0
57,8,0
57,9,1
57,10,0
57,11,0
57,12,0
57,13,0
57,14,0
57,15,0
57,16,0
57,17,0
57,18,0
57,19,0
57,20,0
57,21,0
57,22,0
57,23,0
57,24,0
57,25,0
57,26,0
57,27,0
57,28,0
57,29,0
57,30,0
57,31,0
57,32,0
57,33,0
57,34,0
57,35,0
57,36,0
57,37,1
57,38,0
57,39,0
58,1,0
58,2,1
58,3,0
58,4,1
58,5,1
58,6,0
58,7,0
58,8,0
58,9,1
58,10,0
58,11,1
58,12,0
58,13,1
58,14,0
58,15,0
58,16,0
58,17,0
58,18,0
58,19,1
58,20,0
58,21,0
58,22,1
58,23,1
58,24,1
58,25,0
58,26,1
58,27,0
58,28,0
58,29,0
58,30,0
58,31,0
58,32,0
58,33,0
58,34,0
58,35,0
58,36,0
58,37,1
58,38,0
58,39,0
59,1,1
59,2,1
59,3,0
59,4,1
59,5,0
59,6,0
59,7,0
59,8,0
59,9,1
59,10,0
59,11,1
59,12,0
59,13,0
59,14,0
59,15,1
59,16,1
59,17,0
59,18,0
59,19,0
59,20,0
59,21,0
59,22,1
59,23,1
59,24,1
59,25,0
59,26,1
59,27,0
59,28,0
59,29,0
59,30,0
59,31,0
59,32,0
59,33,0
59,34,0
59,35,0
59,36,1
59,37,1
59,38,0
59,39,0
60,1,0
60,2,1
60,3,0
60,4,1
60,5,1
60,6,1
60,7,1
60,8,1
60,9,1
60,10,0
60,11,1
60,12,0
60,13,0
60,14,1
60,15,1
60,16,1
60,17,0
60,18,1
60,19,0
60,20,0
60,21,0
60,22,1
60,23,0
60,24,1
60,25,0
60,26,1
60,27,0
60,28,1
60,29,1
60,30,1
60,31,0
60,32,0
60,33,0
60,34,0
60,35,1
60,36,1
60,37,1
60,38,0
60,39,0
61,1,1
61,2,1
61,3,1
61,4,1
61,5,0
61,6,1
61,7,1
61,8,1
61,9,1
61,10,1
61,11,1
61,12,1
61,13,0
61,14,1
61,15,1
61,16,0
61,17,0
61,18,1
61,19,0
61,20,0
61,21,1
61,22,1
61,23,1
61,24,0
61,25,0
61,26,1
61,27,1
61,28,0
61,29,0
61,30,1
61,31,1
61,32,0
61,33,1
61,34,0
61,35,0
61,36,1
61,37,1
61,38,0
61,39,1
62,1,1
62,2,0
62,3,1
62,4,1
62,5,0
62,6,0
62,7,1
62,8,0
62,9,1
62,10,1
62,11,1
62,12,1
62,13,0
62,14,0
62,15,1
62,16,0
62,17,1
62,18,1
62,19,1
62,20,0
62,21,1
62,22,1
62,23,1
62,24,0
62,25,1
62,26,1
62,27,0
62,28,1
62,29,0
62,30,0
62,31,1
62,32,0
62,33,0
62,34,1
62,35,0
62,36,1
62,37,1
62,38,0
62,39,0
63,1,0
63,2,0
63,3,0
63,4,0
63,5,0
63,6,0
63,7,1
63,8,0
63,9,0
63,10,0
63,11,0
63,12,1
63,13,0
63,14,0
63,15,1
63,16,0
63,17,0
63,18,0
63,19,0
63,20,1
63,21,1
63,22,0
63,23,1
63,24,0
63,25,0
63,26,0
63,27,0
63,28,0
63,29,0
63,30,0
63,31,0
63,32,0
63,33,1
63,34,0
63,35,0
63,36,0
63,37,0
63,38,0
63,39,0
64,1,1
64,2,1
64,3,1
64,4,1
64,5,1
64,6,0
64,7,1
64,8,1
64,9,1
64,10,0
64,11,1
64,12,1
64,13,0
64,14,0
64,15,1
64,16,0
64,17,0
64,18,1
64,19,0
64,20,0
64,21,1
64,22,1
64,23,1
64,24,0
64,25,0
64,26,1
64,27,0
64,28,1
64,29,0
64,30,1
64,31,0
64,32,0
64,33,0
64,34,1
64,35,0
64,36,1
64,37,1
64,38,0
64,39,0
65,1,1
65,2,1
65,3,1
65,4,1
65,5,0
65,6,1
65,7,1
65,8,0
65,9,1
65,10,1
65,11,0
65,12,1
65,13,0
65,14,1
65,15,1
65,16,0
65,17,0
65,18,1
65,19,0
65,20,0
65,21,1
65,22,1
65,23,1
65,24,0
65,25,1
65,26,1
65,27,1
65,28,0
65,29,0
65,30,1
65,31,0
65,32,0
65,33,1
65,34,1
65,35,1
65,36,1
65,37,1
65,38,0
65,39,1
66,1,1
66,2,0
66,3,0
66,4,0
66,5,0
66,6,0
66,7,1
66,8,0
66,9,0
66,10,1
66,11,0
66,12,0
66,13,0
66,14,0
66,15,0
66,16,0
66,17,1
66,18,0
66,19,1
66,20,0
66,21,0
66,22,1
66,23,0
66,24,0
66,25,0
66,26,0
66,27,0
66,28,0
66,29,0
66,30,0
66,31,0
66,32,0
66,33,0
66,34,0
66,35,0
66,36,0
66,37,1
66,38,0
66,39,0
67,1,1
67,2,1
67,3,1
67,4,1
67,5,0
67,6,0
67,7,1
67,8,0
67,9,1
67,10,1
67,11,1
67,12,1
67,13,0
67,14,0
67,15,1
67,16,1
67,17,0
67,18,1
67,19,0
67,20,0
67,21,1
67,22,1
67,23,1
67,24,1
67,25,1
67,26,1
67,27,1
67,28,1
67,29,0
67,30,1
67,31,1
67,32,0
67,33,1
67,34,1
67,35,1
67,36,1
67,37,0
67,38,0
67,39,0
68,1,1
68,2,1
68,3,1
68,4,1
68,5,0
68,6,0
68,7,1
68,8,1
68,9,1
68,10,0
68,11,1
68,12,1
68,13,0
68,14,1
68,15,1
68,16,1
68,17,0
68,18,0
68,19,0
68,20,0
68,21,1
68,22,1
68,23,1
68,24,0
68,25,1
68,26,1
68,27,1
68,28,1
68,29,0
68,30,0
68,31,1
68,32,0
68,33,1
68,34,1
68,35,0
68,36,1
68,37,1
68,38,0
68,39,1
69,1,1
69,2,0
69,3,0
69,4,1
69,5,0
69,6,0
69,7,1
69,8,0
69,9,1
69,10,0
69,11,1
69,12,1
69,13,0
69,14,0
69,15,1
69,16,0
69,17,0
69,18,0
69,19,0
69,20,0
69,21,0
69,22,1
69,23,1
69,24,0
69,25,1
69,26,1
69,27,0
69,28,0
69,29,0
69,30,0
69,31,1
69,32,0
69,33,1
69,34,0
69,35,0
69,36,1
69,37,1
69,38,0
69,39,0
70,1,1
70,2,0
70,3,0
70,4,1
70,5,1
70,6,1
70,7,1
70,8,0
70,9,1
70,10,1
70,11,1
70,12,0
70,13,1
70,14,0
70,15,1
70,16,0
70,17,0
70,18,0
70,19,0
70,20,0
70,21,0
70,22,1
70,23,0
70,24,0
70,25,0
70,26,0
70,27,0
70,28,0
70,29,0
70,30,0
70,31,1
70,32,1
70,33,0
70,34,0
70,35,0
70,36,1
70,37,1
70,38,0
70,39,0
71,1,1
71,2,0
71,3,0
71,4,1
71,5,0
71,6,0
71,7,1
71,8,0
71,9,1
71,10,1
71,11,0
71,12,1
71,13,0
71,14,0
71,15,0
71,16,0
71,17,0
71,18,0
71,19,0
71,20,0
71,21,1
71,22,1
71,23,1
71,24,0
71,25,1
71,26,0
71,27,0
71,28,0
71,29,0
71,30,0
71,31,1
71,32,0
71,33,0
71,34,0
71,35,0
71,36,1
71,37,1
71,38,0
71,39,0
72,1,1
72,2,1
72,3,1
72,4,1
72,5,0
72,6,0
72,7,1
72,8,1
72,9,1
72,10,0
72,11,1
72,12,1
72,13,0
72,14,0
72,15,1
72,16,1
72,17,0
72,18,0
72,19,0
72,20,0
72,21,1
72,22,1
72,23,1
72,24,0
72,25,0
72,26,1
72,27,0
72,28,0
72,29,0
72,30,0
72,31,1
72,32,0
72,33,1
72,34,0
72,35,0
72,36,1
72,37,1
72,38,0
72,39,1
73,1,1
73,2,0
73,3,0
73,4,1
73,5,0
73,6,0
73,7,0
73,8,0
73,9,1
73,10,0
73,11,0
73,12,0
73,13,0
73,14,0
73,15,0
73,16,0
73,17,0
73,18,0
73,19,0
73,20,0
73,21,0
73,22,1
73,23,1
73,24,0
73,25,0
73,26,0
73,27,0
73,28,0
73,29,0
73,30,0
73,31,0
73,32,0
73,33,0
73,34,0
73,35,0
73,36,1
73,37,1
73,38,0
73,39,0
74,1,1
74,2,1
74,3,1
74,4,0
74,5,0
74,6,0
74,7,1
74,8,0
74,9,1
74,10,0
74,11,0
74,12,1
74,13,0
74,14,1
74,15,0
74,16,1
74,17,0
74,18,0
74,19,0
74,20,0
74,21,1
74,22,1
74,23,1
74,24,0
74,25,1
74,26,0
74,27,0
74,28,0
74,29,1
74,30,0
74,31,0
74,32,0
74,33,1
74,34,0
74,35,0
74,36,1
74,37,1
74,38,0
74,39,0
75,1,1
75,2,1
75,3,1
75,4,1
75,5,0
75,6,1
75,7,1
75,8,0
75,9,1
75,10,1
75,11,0
75,12,1
75,13,0
75,14,1
75,15,0
75,16,1
75,17,0
75,18,1
75,19,0
75,20,1
75,21,1
75,22,1
75,23,1
75,24,0
75,25,0
75,26,1
75,27,0
75,28,1
75,29,0
75,30,0
75,31,1
75,32,0
75,33,1
75,34,1
75,35,1
75,36,1
75,37,1
75,38,0
75,39,1
76,1,1
76,2,0
76,3,0
76,4,1
76,5,0
76,6,0
76,7,1
76,8,0
76,9,1
76,10,1
76,11,1
76,12,1
76,13,0
76,14,0
76,15,0
76,16,0
76,17,1
76,18,1
76,19,0
76,20,0
76,21,0
76,22,1
76,23,1
76,24,0
76,25,0
76,26,1
76,27,0
76,28,1
76,29,1
76,30,1
76,31,0
76,32,0
76,33,0
76,34,1
76,35,0
76,36,1
76,37,1
76,38,0
76,39,0
77,1,1
77,2,1
77,3,0
77,4,1
77,5,0
77,6,1
77,7,1
77,8,0
77,9,1
77,10,1
77,11,0
77,12,1
77,13,0
77,14,0
77,15,0
77,16,1
77,17,0
77,18,1
77,19,0
77,20,0
77,21,1
77,22,1
77,23,1
77,24,0
77,25,0
77,26,0
77,27,0
77,28,1
77,29,0
77,30,1
77,31,0
77,32,0
77,33,1
77,34,1
77,35,0
77,36,1
77,37,1
77,38,0
77,39,0
78,1,1
78,2,1
78,3,0
78,4,1
78,5,0
78,6,1
78,7,1
78,8,1
78,9,1
78,10,0
78,11,1
78,12,1
78,13,0
78,14,0
78,15,0
78,16,1
78,17,0
78,18,0
78,19,0
78,20,0
78,21,1
78,22,1
78,23,1
78,24,0
78,25,0
78,26,1
78,27,0
78,28,1
78,29,0
78,30,1
78,31,1
78,32,0
78,33,1
78,34,1
78,35,0
78,36,1
78,37,1
78,38,0
78,39,1
79,1,1
79,2,1
79,3,0
79,4,1
79,5,0
79,6,1
79,7,1
79,8,1
79,9,1
79,10,1
79,11,0
79,12,1
79,13,0
79,14,0
79,15,0
79,16,1
79,17,0
79,18,1
79,19,0
79,20,0
79,21,1
79,22,0
79,23,1
79,24,0
79,25,0
79,26,1
79,27,0
79,28,1
79,29,0
79,30,1
79,31,0
79,32,0
79,33,0
79,34,0
79,35,0
79,36,1
79,37,1
79,38,0
79,39,0
80,1,1
80,2,1
80,3,0
80,4,1
80,5,0
80,6,1
80,7,1
80,8,0
80,9,1
80,10,0
80,11,0
80,12,1
80,13,0
80,14,0
80,15,0
80,16,1
80,17,0
80,18,1
80,19,0
80,20,0
80,21,0
80,22,1
80,23,1
80,24,0
80,25,1
80,26,0
80,27,0
80,28,1
80,29,0
80,30,0
80,31,0
80,32,0
80,33,0
80,34,0
80,35,0
80,36,1
80,37,1
80,38,0
80,39,0
81,1,1
81,2,1
81,3,0
81,4,1
81,5,0
81,6,0
81,7,1
81,8,0
81,9,1
81,10,1
81,11,0
81,12,1
81,13,0
81,14,0
81,15,0
81,16,1
81,17,0
81,18,1
81,19,0
81,20,0
81,21,1
81,22,1
81,23,1
81,24,0
81,25,0
81,26,0
81,27,1
81,28,0
81,29,0
81,30,0
81,31,0
81,32,0
81,33,0
81,34,1
81,35,0
81,36,1
81,37,0
81,38,0
81,39,0
82,1,1
82,2,1
82,3,1
82,4,1
82,5,0
82,6,0
82,7,1
82,8,0
82,9,1
82,10,1
82,11,1
82,12,1
82,13,0
82,14,1
82,15,0
82,16,1
82,17,0
82,18,1
82,19,0
82,20,0
82,21,1
82,22,1
82,23,1
82,24,1
82,25,0
82,26,1
82,27,0
82,28,0
82,29,0
82,30,1
82,31,0
82,32,0
82,33,1
82,34,0
82,35,0
82,36,1
82,37,0
82,38,0
82,39,0
83,1,1
83,2,1
83,3,1
83,4,1
83,5,0
83,6,0
83,7,1
83,8,0
83,9,1
83,10,0
83,11,1
83,12,1
83,13,0
83,14,0
83,15,0
83,16,1
83,17,0
83,18,0
83,19,0
83,20,0
83,21,1
83,22,1
83,23,1
83,24,0
83,25,0
83,26,1
83,27,0
83,28,0
83,29,0
83,30,0
83,31,0
83,32,0
83,33,1
83,34,0
83,35,0
83,36,1
83,37,1
83,38,0
83,39,0
84,1,1
84,2,1
84,3,1
84,4,1
84,5,0
84,6,1
84,7,1
84,8,1
84,9,1
84,10,0
84,11,1
84,12,1
84,13,0
84,14,0
84,15,1
84,16,0
84,17,0
84,18,1
84,19,1
84,20,1
84,21,1
84,22,1
84,23,1
84,24,0
84,25,1
84,26,0
84,27,0
84,28,1
84,29,0
84,30,0
84,31,0
84,32,0
84,33,1
84,34,0
84,35,0
84,36,1
84,37,1
84,38,0
84,39,1
85,1,1
85,2,1
85,3,0
85,4,1
85,5,1
85,6,1
85,7,1
85,8,1
85,9,1
85,10,1
85,11,1
85,12,1
85,13,0
85,14,1
85,15,1
85,16,1
85,17,0
85,18,1
85,19,0
85,20,1
85,21,1
85,22,1
85,23,1
85,24,0
85,25,0
85,26,1
85,27,0
85,28,1
85,29,1
85,30,1
85,31,1
85,32,0
85,33,1
85,34,1
85,35,0
85,36,1
85,37,1
85,38,0
85,39,0
86,1,1
86,2,0
86,3,1
86,4,1
86,5,0
86,6,1
86,7,1
86,8,0
86,9,1
86,10,1
86,11,1
86,12,1
86,13,0
86,14,0
86,15,1
86,16,1
86,17,0
86,18,1
86,19,1
86,20,1
86,21,1
86,22,0
86,23,1
86,24,0
86,25,1
86,26,1
86,27,0
86,28,1
86,29,1
86,30,0
86,31,1
86,32,0
86,33,1
86,34,1
86,35,0
86,36,1
86,37,1
86,38,0
86,39,1
87,1,1
87,2,1
87,3,1
87,4,1
87,5,0
87,6,0
87,7,1
87,8,0
87,9,1
87,10,0
87,11,0
87,12,1
87,13,0
87,14,0
87,15,1
87,16,0
87,17,0
87,18,0
87,19,0
87,20,0
87,21,1
87,22,1
87,23,1
87,24,0
87,25,1
87,26,0
87,27,0
87,28,0
87,29,0
87,30,0
87,31,0
87,32,1
87,33,1
87,34,1
87,35,0
87,36,1
87,37,1
87,38,0
87,39,1
88,1,1
88,2,1
88,3,1
88,4,1
88,5,1
88,6,0
88,7,1
88,8,0
88,9,1
88,10,1
88,11,1
88,12,1
88,13,0
88,14,1
88,15,0
88,16,1
88,17,0
88,18,1
88,19,1
88,20,0
88,21,1
88,22,1
88,23,1
88,24,0
88,25,0
88,26,1
88,27,1
88,28,0
88,29,1
88,30,1
88,31,1
88,32,0
88,33,0
88,34,0
88,35,0
88,36,1
88,37,1
88,38,1
88,39,0
89,1,1
89,2,1
89,3,0
89,4,1
89,5,1
89,6,0
89,7,1
89,8,0
89,9,1
89,10,0
89,11,0
89,12,1
89,13,0
89,14,1
89,15,1
89,16,1
89,17,0
89,18,0
89,19,0
89,20,1
89,21,1
89,22,1
89,23,1
89,24,0
89,25,0
89,26,1
89,27,0
89,28,1
89,29,0
89,30,0
89,31,1
89,32,1
89,33,1
89,34,1
89,35,1
89,36,1
89,37,1
89,38,0
89,39,1
90,1,1
90,2,1
90,3,1
90,4,1
90,5,1
90,6,0
90,7,1
90,8,1
90,9,1
90,10,1
90,11,1
90,12,1
90,13,0
90,14,0
90,15,1
90,16,0
90,17,0
90,18,1
90,19,0
90,20,0
90,21,1
90,22,1
90,23,1
90,24,0
90,25,1
90,26,1
90,27,1
90,28,1
90,29,0
90,30,1
90,31,1
90,32,0
90,33,1
90,34,1
90,35,0
90,36,1
90,37,1
90,38,0
90,39,1
91,1,1
91,2,0
91,3,0
91,4,0
91,5,0
91,6,0
91,7,0
91,8,0
91,9,0
91,10,1
91,11,1
91,12,0
91,13,0
91,14,0
91,15,1
91,16,0
91,17,0
91,18,0
91,19,0
91,20,0
91,21,1
91,22,0
91,23,1
91,24,0
91,25,0
91,26,0
91,27,0
91,28,0
91,29,0
91,30,0
91,31,0
91,32,0
91,33,1
91,34,0
91,35,0
91,36,0
91,37,1
91,38,0
91,39,0
92,1,1
92,2,1
92,3,0
92,4,1
92,5,0
92,6,0
92,7,1
92,8,1
92,9,1
92,10,0
92,11,1
92,12,0
92,13,0
92,14,0
92,15,1
92,16,0
92,17,0
92,18,0
92,19,0
92,20,0
92,21,0
92,22,0
92,23,1
92,24,0
92,25,0
92,26,1
92,27,1
92,28,0
92,29,0
92,30,0
92,31,1
92,32,1
92,33,0
92,34,0
92,35,1
92,36,0
92,37,1
92,38,0
92,39,0
93,1,1
93,2,1
93,3,1
93,4,1
93,5,1
93,6,0
93,7,1
93,8,1
93,9,1
93,10,0
93,11,0
93,12,1
93,13,1
93,14,0
93,15,1
93,16,0
93,17,0
93,18,1
93,19,0
93,20,0
93,21,1
93,22,1
93,23,1
93,24,0
93,25,0
93,26,1
93,27,1
93,28,0
93,29,0
93,30,1
93,31,1
93,32,1
93,33,0
93,34,1
93,35,1
93,36,1
93,37,1
93,38,0
93,39,0
94,1,1
94,2,0
94,3,0
94,4,0
94,5,0
94,6,1
94,7,1
94,8,0
94,9,0
94,10,1
94,11,0
94,12,0
94,13,0
94,14,0
94,15,1
94,16,1
94,17,0
94,18,0
94,19,0
94,20,1
94,21,0
94,22,0
94,23,0
94,24,0
94,25,0
94,26,0
94,27,0
94,28,0
94,29,0
94,30,0
94,31,0
94,32,0
94,33,1
94,34,0
94,35,0
94,36,1
94,37,1
94,38,0
94,39,0
95,1,1
95,2,1
95,3,0
95,4,1
95,5,0
95,6,1
95,7,1
95,8,0
95,9,1
95,10,0
95,11,1
95,12,1
95,13,1
95,14,1
95,15,0
95,16,0
95,17,0
95,18,1
95,19,0
95,20,1
95,21,0
95,22,1
95,23,1
95,24,0
95,25,1
95,26,0
95,27,1
95,28,1
95,29,1
95,30,0
95,31,1
95,32,1
95,33,1
95,34,1
95,35,1
95,36,1
95,37,0
95,38,1
95,39,1
96,1,1
96,2,1
96,3,1
96,4,1
96,5,0
96,6,1
96,7,1
96,8,0
96,9,1
96,10,0
96,11,1
96,12,1
96,13,0
96,14,0
96,15,1
96,16,1
96,17,0
96,18,1
96,19,0
96,20,1
96,21,0
96,22,1
96,23,1
96,24,1
96,25,1
96,26,1
96,27,0
96,28,1
96,29,0
96,30,0
96,31,1
96,32,0
96,33,1
96,34,0
96,35,1
96,36,1
96,37,1
96,38,0
96,39,1
97,1,1
97,2,1
97,3,0
97,4,1
97,5,0
97,6,0
97,7,1
97,8,1
97,9,1
97,10,0
97,11,1
97,12,1
97,13,0
97,14,1
97,15,1
97,16,0
97,17,1
97,18,1
97,19,0
97,20,1
97,21,1
97,22,0
97,23,1
97,24,0
97,25,0
97,26,1
97,27,1
97,28,1
97,29,0
97,30,1
97,31,1
97,32,0
97,33,1
97,34,1
97,35,1
97,36,1
97,37,1
97,38,0
97,39,1
98,1,1
98,2,1
98,3,1
98,4,0
98,5,0
98,6,1
98,7,1
98,8,0
98,9,1
98,10,1
98,11,1
98,12,1
98,13,1
98,14,0
98,15,1
98,16,1
98,17,0
98,18,1
98,19,0
98,20,1
98,21,1
98,22,1
98,23,1
98,24,0
98,25,0
98,26,1
98,27,0
98,28,1
98,29,0
98,30,0
98,31,1
98,32,0
98,33,1
98,34,0
98,35,1
98,36,1
98,37,1
98,38,0
98,39,0
99,1,1
99,2,1
99,3,1
99,4,1
99,5,1
99,6,0
99,7,1
99,8,0
99,9,1
99,10,0
99,11,1
99,12,0
99,13,0
99,14,0
99,15,1
99,16,0
99,17,1
99,18,0
99,19,0
99,20,0
99,21,1
99,22,1
99,23,0
99,24,0
99,25,0
99,26,1
99,27,0
99,28,0
99,29,0
99,30,1
99,31,0
99,32,0
99,33,0
99,34,0
99,35,0
99,36,1
99,37,1
99,38,0
99,39,0
100,1,1
100,2,1
100,3,1
100,4,1
100,5,0
100,6,1
100,7,1
100,8,1
100,9,1
100,10,1
100,11,1
100,12,1
100,13,1
100,14,1
100,15,0
100,16,1
100,17,0
100,18,0
100,19,0
100,20,0
100,21,1
100,22,1
100,23,1
100,24,0
100,25,1
100,26,1
100,27,0
100,28,1
100,29,1
100,30,1
100,31,1
100,32,1
100,33,0
100,34,1
100,35,0
100,36,1
100,37,1
100,38,0
100,39,0
101,1,0
101,2,1
101,3,1
101,4,1
101,5,0
101,6,0
101,7,1
101,8,1
101,9,1
101,10,0
101,11,1
101,12,1
101,13,0
101,14,1
101,15,1
101,16,1
101,17,0
101,18,1
101,19,0
101,20,1
101,21,0
101,22,1
101,23,1
101,24,1
101,25,0
101,26,1
101,27,1
101,28,1
101,29,1
101,30,1
101,31,1
101,32,0
101,33,1
101,34,1
101,35,1
101,36,1
101,37,1
101,38,1
101,39,1
102,1,0
102,2,1
102,3,1
102,4,1
102,5,0
102,6,0
102,7,1
102,8,0
102,9,1
102,10,1
102,11,0
102,12,1
102,13,0
102,14,0
102,15,0
102,16,1
102,17,1
102,18,1
102,19,0
102,20,0
102,21,1
102,22,1
102,23,1
102,24,0
102,25,1
102,26,1
102,27,0
102,28,1
102,29,0
102,30,0
102,31,1
102,32,1
102,33,1
102,34,1
102,35,0
102,36,1
102,37,1
102,38,0
102,39,1
103,1,0
103,2,1
103,3,1
103,4,1
103,5,0
103,6,0
103,7,1
103,8,1
103,9,1
103,10,1
103,11,1
103,12,1
103,13,1
103,14,1
103,15,1
103,16,1
103,17,0
103,18,1
103,19,0
103,20,0
103,21,1
103,22,1
103,23,1
103,24,0
103,25,1
103,26,1
103,27,1
103,28,0
103,29,1
103,30,1
103,31,1
103,32,1
103,33,1
103,34,0
103,35,0
103,36,1
103,37,0
103,38,1
103,39,1
104,1,1
104,2,0
104,3,1
104,4,1
104,5,0
104,6,0
104,7,1
104,8,1
104,9,1
104,10,1
104,11,0
104,12,1
104,13,0
104,14,0
104,15,1
104,16,0
104,17,0
104,18,0
104,19,0
104,20,0
104,21,1
104,22,0
104,23,1
104,24,0
104,25,0
104,26,1
104,27,0
104,28,0
104,29,0
104,30,0
104,31,1
104,32,0
104,33,1
104,34,1
104,35,0
104,36,1
104,37,1
104,38,0
104,39,0
105,1,1
105,2,1
105,3,0
105,4,1
105,5,0
105,6,1
105,7,1
105,8,1
105,9,1
105,10,0
105,11,1
105,12,1
105,13,0
105,14,0
105,15,0
105,16,0
105,17,0
105,18,0
105,19,0
105,20,0
105,21,1
105,22,0
105,23,1
105,24,0
105,25,1
105,26,0
105,27,0
105,28,0
105,29,0
105,30,0
105,31,0
105,32,1
105,33,0
105,34,0
105,35,0
105,36,0
105,37,0
105,38,1
105,39,0
106,1,1
106,2,1
106,3,1
106,4,1
106,5,0
106,6,0
106,7,1
106,8,0
106,9,1
106,10,1
106,11,1
106,12,1
106,13,0
106,14,0
106,15,1
106,16,1
106,17,0
106,18,1
106,19,0
106,20,0
106,21,1
106,22,1
106,23,1
106,24,0
106,25,1
106,26,1
106,27,1
106,28,1
106,29,0
106,30,1
106,31,1
106,32,1
106,33,0
106,34,1
106,35,0
106,36,1
106,37,1
106,38,0
106,39,1
107,1,1
107,2,1
107,3,1
107,4,1
107,5,0
107,6,0
107,7,0
107,8,0
107,9,1
107,10,0
107,11,1
107,12,1
107,13,0
107,14,0
107,15,0
107,16,0
107,17,0
107,18,0
107,19,0
107,20,0
107,21,1
107,22,1
107,23,1
107,24,0
107,25,1
107,26,1
107,27,0
107,28,1
107,29,0
107,30,1
107,31,1
107,32,0
107,33,0
107,34,0
107,35,1
107,36,1
107,37,1
107,38,0
107,39,1
108,1,1
108,2,1
108,3,1
108,4,1
108,5,0
108,6,1
108,7,1
108,8,0
108,9,1
108,10,1
108,11,1
108,12,1
108,13,0
108,14,0
108,15,1
108,16,0
108,17,1
108,18,0
108,19,0
108,20,0
108,21,0
108,22,1
108,23,1
108,24,1
108,25,1
108,26,1
108,27,1
108,28,1
108,29,0
108,30,0
108,31,1
108,32,1
108,33,1
108,34,1
108,35,1
108,36,1
108,37,1
108,38,0
108,39,1
