1,1,0
1,2,1
1,3,1
1,4,1
1,5,1
1,6,1
1,7,1
1,8,1
1,9,1
1,10,1
1,11,1
1,12,1
1,13,1
1,14,1
1,15,1
1,16,1
1,17,1
1,18,1
1,19,1
1,20,1
2,21,0
2,22,0
2,3,0
2,7,0
2,23,1
2,11,0
2,24,1
2,9,0
2,25,0
2,6,0
2,26,0
2,27,0
2,17,0
2,28,0
2,29,0
2,30,0
2,31,0
2,32,0
2,13,0
2,10,0
3,26,0
3,9,0
3,31,1
3,33,0
3,10,0
3,2,0
3,34,0
3,35,0
3,29,0
3,36,0
3,11,0
3,27,0
3,8,0
3,37,1
3,21,0
3,38,0
3,39,1
3,40,0
3,13,0
3,41,0
4,23,0
4,2,0
4,3,0
4,42,0
4,43,0
4,15,0
4,40,0
4,44,0
4,27,0
4,45,0
4,46,0
4,7,0
4,47,0
4,48,0
4,36,0
4,49,0
4,9,0
4,5,0
4,50,0
4,29,0
5,31,1
5,51,0
5,46,1
5,17,1
5,13,1
5,27,1
5,52,1
5,23,0
5,21,1
5,24,1
5,6,1
5,15,1
5,53,1
5,12,1
5,29,1
5,54,1
5,50,1
5,11,1
5,55,1
5,8,1
6,56,1
6,29,1
6,9,1
6,12,1
6,57,1
6,5,1
6,13,1
6,7,1
6,58,1
6,4,1
6,11,1
6,30,1
6,21,1
6,48,1
6,59,1
6,60,1
6,27,1
6,17,0
6,6,1
6,46,1
7,9,1
7,7,1
7,36,1
7,8,1
7,61,1
7,27,1
7,17,1
7,21,1
7,56,1
7,23,1
7,62,1
7,63,1
7,46,1
7,64,1
7,43,1
7,65,1
7,66,1
7,67,1
7,30,1
7,20,1
8,7,1
8,68,1
8,69,1
8,55,1
8,70,1
8,39,1
8,56,1
8,60,1
8,71,1
8,6,1
8,27,1
8,16,1
8,59,1
8,61,1
8,5,1
8,1,1
8,72,1
8,37,1
8,45,1
8,73,1
9,21,0
9,43,0
9,69,0
9,22,0
9,30,0
9,24,0
9,17,0
9,60,0
9,74,0
9,26,1
9,31,1
9,9,0
9,75,0
9,5,0
9,76,1
9,27,0
9,20,0
9,77,0
9,6,0
9,36,0
10,55,1
10,78,0
10,79,0
10,27,0
10,69,0
10,80,0
10,81,0
10,82,0
10,37,0
10,17,0
10,16,0
10,9,0
10,26,0
10,83,0
10,84,0
10,7,0
10,73,0
10,40,0
10,6,0
10,2,0
11,37,1
11,34,0
11,26,0
11,60,0
11,56,0
11,31,0
11,65,0
11,7,0
11,85,0
11,61,0
11,27,0
11,3,0
11,16,0
11,28,0
11,30,0
11,86,0
11,9,0
11,2,0
11,41,0
11,6,0
12,70,0
12,29,0
12,7,1
12,87,0
12,21,0
12,4,0
12,40,0
12,28,0
12,61,0
12,74,0
12,26,0
12,32,0
12,88,0
12,2,0
12,9,0
12,41,0
12,3,0
12,30,0
12,6,0
12,27,0
13,60,1
13,56,1
13,58,0
13,30,1
13,29,1
13,27,1
13,89,1
13,6,1
13,90,1
13,88,1
13,1,0
13,91,0
13,13,1
13,37,1
13,23,1
13,62,0
13,12,1
13,15,1
13,86,1
13,36,1
14,21,1
14,92,1
14,93,1
14,44,1
14,12,1
14,27,1
14,7,1
14,2,1
14,94,1
14,85,1
14,41,1
14,23,1
14,40,1
14,60,1
14,19,1
14,63,1
14,30,1
14,26,1
14,88,1
14,3,1
15,95,1
15,40,1
15,23,1
15,80,1
15,88,1
15,96,1
15,6,1
15,27,1
15,3,1
15,61,1
15,65,1
15,7,1
15,69,1
15,11,1
15,13,1
15,94,1
15,97,1
15,14,1
15,31,1
15,98,1
16,61,1
16,23,1
16,31,1
16,57,1
16,29,1
16,14,1
16,88,1
16,16,1
16,19,1
16,52,1
16,44,1
16,37,1
16,3,1
16,10,1
16,46,1
16,56,1
16,99,1
16,71,1
16,17,1
16,8,1
17,69,0
17,22,0
17,7,1
17,11,0
17,40,0
17,1,0
17,26,0
17,63,0
17,43,0
17,45,0
17,46,0
17,61,0
17,12,0
17,39,0
17,5,0
17,66,1
17,13,1
17,23,0
17,100,0
17,60,0
18,37,1
18,32,1
18,36,1
18,8,1
18,71,1
18,2,1
18,43,1
18,82,1
18,48,1
18,30,1
18,11,1
18,27,1
18,101,1
18,17,1
18,102,1
18,29,1
18,28,1
18,6,1
18,21,1
18,41,1
19,6,1
19,10,1
19,69,1
19,103,1
19,67,1
19,15,1
19,46,1
19,27,1
19,65,1
19,7,1
19,9,1
19,68,1
19,26,1
19,44,1
19,61,1
19,16,1
19,8,1
19,40,1
19,99,1
19,59,1
20,27,1
20,33,1
20,104,1
20,105,1
20,62,1
20,2,1
20,28,1
20,58,1
20,32,1
20,18,1
20,24,1
20,26,1
20,39,1
20,3,1
20,7,1
20,31,1
20,8,1
20,106,0
20,90,1
20,55,0
21,11,1
21,6,1
21,96,1
21,13,1
21,107,1
21,95,0
21,88,1
21,27,1
21,41,1
21,73,0
21,40,0
21,36,1
21,5,1
21,30,1
21,44,1
21,92,1
21,28,0
21,48,1
21,14,1
21,17,1
22,15,1
22,91,1
22,10,1
22,40,1
22,26,1
22,21,1
22,108,1
22,56,1
22,38,1
22,58,1
22,31,1
22,59,1
22,12,1
22,41,1
22,44,1
22,88,1
22,23,0
22,37,1
22,30,1
22,85,1
23,20,0
23,40,0
23,92,0
23,5,0
23,11,0
23,7,0
23,43,0
23,2,0
23,15,0
23,46,0
23,10,0
23,62,0
23,87,0
23,36,0
23,13,0
23,29,0
23,12,0
23,30,0
23,9,0
23,24,0
24,7,1
24,17,1
24,8,1
24,31,1
24,66,1
24,46,1
24,15,1
24,6,1
24,26,1
24,9,1
24,30,1
24,69,1
24,29,1
24,13,1
24,109,1
24,44,1
24,56,1
24,11,1
24,105,1
24,85,1
25,71,1
25,43,0
25,7,1
25,107,1
25,110,0
25,69,1
25,15,1
25,111,1
25,63,0
25,9,1
25,30,1
25,36,1
25,48,1
25,97,1
25,2,0
25,112,1
25,20,1
25,37,0
25,88,1
25,82,1
26,33,0
26,27,1
26,12,1
26,73,1
26,15,0
26,113,0
26,23,1
26,28,0
26,26,1
26,7,0
26,86,0
26,3,1
26,29,1
26,31,0
26,61,1
26,4,1
26,11,1
26,89,0
26,59,0
26,19,0
27,7,0
27,15,0
27,37,0
27,24,0
27,114,1
27,96,0
27,27,0
27,59,0
27,11,0
27,5,0
27,48,0
27,34,0
27,54,0
27,115,0
27,111,0
27,12,0
27,116,0
27,31,0
27,66,0
27,3,0
28,12,1
28,55,1
28,72,1
28,29,1
28,56,1
28,27,1
28,43,1
28,96,1
28,21,1
28,51,1
28,6,0
28,39,0
28,107,1
28,46,1
28,34,1
28,69,1
28,42,0
28,37,1
28,61,0
28,18,1
29,52,1
29,54,1
29,20,1
29,96,1
29,29,1
29,42,1
29,40,1
29,11,1
29,26,1
29,69,1
29,7,1
29,41,1
29,32,1
29,10,1
29,30,1
29,66,1
29,61,1
29,59,1
29,14,1
29,60,1
30,60,1
30,29,1
30,27,1
30,95,0
30,23,0
30,21,1
30,30,1
30,40,1
30,82,1
30,41,1
30,71,1
30,24,0
30,28,0
30,58,1
30,5,0
30,45,1
30,55,0
30,36,1
30,11,0
30,97,0
31,26,1
31,113,1
31,43,1
31,12,1
31,27,1
31,5,1
31,36,1
31,108,1
31,71,1
31,6,1
31,9,1
31,46,1
31,39,1
31,70,1
31,89,1
31,37,1
31,107,1
31,30,1
31,44,1
31,3,1
32,11,0
32,60,0
32,56,0
32,42,0
32,30,0
32,71,0
32,7,0
32,99,0
32,1,0
32,58,0
32,18,0
32,59,0
32,98,0
32,46,0
32,27,0
32,23,0
32,54,0
32,2,0
32,39,0
32,6,0
33,15,1
33,117,1
33,42,1
33,7,1
33,55,1
33,85,1
33,86,1
33,116,1
33,23,1
33,12,1
33,40,1
33,5,1
33,66,1
33,99,1
33,18,1
33,61,1
33,20,1
33,27,1
33,19,1
33,28,1
34,7,1
34,21,1
34,107,1
34,58,1
34,59,1
34,71,1
34,2,1
34,94,1
34,9,1
34,15,1
34,40,1
34,6,1
34,62,1
34,46,1
34,73,1
34,91,1
34,48,1
34,27,1
34,13,1
34,4,1
35,11,0
35,43,0
35,20,0
35,30,0
35,35,0
35,61,0
35,17,0
35,118,0
35,2,0
35,28,0
35,23,0
35,9,0
35,86,0
35,46,0
35,6,0
35,21,0
35,36,0
35,37,0
35,12,0
35,50,0
36,30,0
36,108,0
36,9,1
36,98,0
36,83,1
36,11,1
36,56,1
36,8,1
36,28,0
36,27,1
36,24,1
36,6,0
36,1,0
36,12,0
36,20,1
36,29,1
36,15,0
36,43,1
36,48,0
36,26,0
37,88,1
37,28,1
37,13,1
37,7,1
37,111,1
37,6,1
37,96,1
37,30,1
37,43,1
37,60,1
37,15,1
37,37,1
37,66,0
37,1,1
37,83,1
37,9,1
37,72,0
37,98,1
37,3,1
37,19,1
38,60,1
38,52,1
38,31,0
38,30,1
38,61,1
38,96,1
38,56,1
38,27,1
38,107,1
38,38,1
38,29,1
38,40,1
38,5,1
38,9,1
38,82,1
38,6,0
38,116,1
38,3,1
38,7,1
38,11,0
39,21,1
39,29,1
39,5,1
39,20,1
39,9,1
39,37,1
39,15,1
39,86,1
39,52,1
39,23,0
39,6,1
39,92,1
39,27,1
39,60,1
39,79,1
39,61,1
39,19,1
39,56,1
39,62,1
39,42,1
40,85,1
40,24,1
40,14,0
40,107,1
40,97,1
40,58,0
40,17,0
40,119,1
40,43,1
40,56,1
40,40,0
40,4,1
40,59,1
40,8,1
40,66,0
40,11,1
40,20,1
40,9,0
40,87,0
40,31,1
41,30,0
41,6,0
41,13,0
41,65,1
41,19,0
41,59,0
41,21,0
41,70,0
41,42,0
41,88,0
41,61,0
41,46,0
41,10,1
41,52,0
41,98,0
41,55,0
41,29,0
41,15,0
41,44,0
41,27,0
42,32,1
42,1,0
42,17,1
42,108,1
42,120,1
42,13,1
42,8,1
42,7,1
42,43,1
42,6,1
42,121,1
42,40,1
42,27,1
42,5,1
42,59,1
42,37,1
42,72,1
42,23,1
42,9,1
42,30,1
43,40,0
43,19,0
43,71,0
43,72,0
43,30,0
43,6,0
43,20,0
43,48,0
43,49,0
43,37,0
43,43,0
43,5,0
43,108,0
43,75,0
43,52,0
43,16,0
43,23,1
43,27,0
43,2,0
43,73,0
44,7,1
44,26,0
44,55,0
44,9,1
44,105,1
44,50,0
44,25,0
44,41,0
44,11,0
44,66,1
44,2,0
44,27,1
44,88,1
44,30,0
44,46,1
44,12,0
44,8,0
44,36,0
44,67,1
44,43,0
45,121,1
45,7,1
45,118,1
45,56,1
45,60,1
45,66,1
45,10,1
45,2,1
45,30,1
45,34,1
45,48,1
45,73,1
45,9,1
45,14,1
45,59,0
45,13,1
45,29,1
45,31,1
45,41,1
45,65,1
46,59,0
46,65,0
46,39,0
46,1,0
46,12,0
46,27,0
46,51,0
46,23,1
46,107,1
46,6,0
46,26,0
46,37,0
46,20,0
46,33,0
46,7,0
46,16,0
46,13,0
46,70,0
46,73,0
46,9,0
47,105,0
47,19,0
47,4,0
47,29,0
47,60,0
47,32,0
47,73,0
47,2,0
47,43,0
47,12,0
47,98,0
47,15,0
47,7,0
47,40,0
47,21,0
47,97,0
47,41,0
47,6,0
47,103,0
47,9,0
48,6,1
48,9,1
48,29,1
48,7,1
48,107,1
48,61,1
48,88,1
48,33,1
48,71,1
48,106,1
48,44,1
48,66,1
48,11,1
48,75,1
48,49,1
48,30,1
48,69,1
48,5,1
48,27,1
48,105,1
49,11,0
49,37,0
49,25,0
49,107,0
49,38,0
49,20,0
49,17,0
49,27,0
49,111,0
49,121,0
49,94,0
49,62,0
49,59,0
49,52,0
49,2,0
49,99,0
49,26,0
49,10,0
49,39,0
49,31,1
50,6,0
50,16,0
50,87,1
50,61,0
50,15,1
50,69,0
50,55,0
50,30,0
50,7,1
50,21,0
50,36,1
50,59,0
50,95,1
50,37,0
50,5,0
50,107,0
50,12,0
50,32,0
50,114,1
50,52,1
51,107,1
51,43,1
51,85,1
51,17,1
51,60,1
51,20,1
51,10,0
51,57,1
51,5,1
51,122,1
51,88,1
51,18,1
51,42,1
51,73,1
51,9,1
51,56,1
51,95,1
51,59,1
51,72,1
51,24,1
52,31,0
52,42,0
52,62,1
52,11,0
52,26,0
52,28,0
52,68,1
52,45,1
52,118,0
52,3,1
52,37,1
52,36,0
52,19,1
52,75,0
52,78,1
52,34,1
52,60,1
52,9,1
52,2,0
52,56,1
53,105,1
53,34,1
53,69,1
53,7,1
53,3,1
53,67,1
53,19,1
53,17,1
53,27,1
53,5,1
53,8,1
53,45,1
53,9,1
53,10,1
53,33,1
53,106,1
53,13,1
53,20,1
53,29,1
53,59,1
54,39,0
54,9,0
54,123,0
54,7,0
54,16,0
54,37,0
54,38,0
54,104,0
54,12,0
54,17,0
54,4,0
54,28,0
54,15,0
54,61,0
54,11,0
54,27,0
54,21,0
54,48,0
54,33,0
54,75,0
55,9,1
55,101,1
55,97,1
55,7,1
55,54,1
55,32,1
55,60,1
55,11,1
55,33,1
55,40,1
55,61,1
55,20,1
55,106,1
55,69,1
55,5,1
55,17,1
55,6,1
55,39,1
55,62,1
55,56,1
56,99,1
56,73,1
56,75,0
56,54,1
56,29,1
56,39,1
56,1,0
56,40,1
56,24,1
56,11,1
56,48,1
56,7,1
56,16,1
56,27,1
56,33,0
56,5,1
56,88,1
56,9,1
56,61,1
56,30,1
57,121,1
57,7,1
57,119,1
57,6,1
57,116,1
57,9,1
57,46,1
57,62,1
57,43,1
57,5,1
57,66,1
57,15,1
57,14,1
57,12,1
57,33,0
57,92,1
57,13,1
57,27,1
57,11,1
57,61,1
58,87,0
58,6,0
58,43,0
58,40,0
58,66,0
58,104,0
58,107,0
58,98,0
58,57,1
58,101,0
58,58,0
58,8,0
58,5,0
58,30,0
58,112,1
58,119,0
58,4,0
58,29,0
58,2,0
58,27,0
59,31,0
59,6,0
59,88,0
59,118,0
59,7,0
59,18,0
59,61,0
59,42,0
59,15,0
59,26,0
59,54,0
59,43,0
59,60,0
59,34,0
59,56,0
59,37,0
59,27,0
59,11,0
59,2,0
59,124,0
60,40,1
60,16,1
60,69,1
60,24,0
60,7,1
60,19,1
60,26,1
60,27,1
60,13,1
60,11,1
60,59,1
60,15,1
60,118,1
60,48,1
60,56,1
60,30,1
60,17,1
60,9,1
60,65,1
60,58,1
61,4,0
61,15,1
61,58,1
61,7,1
61,55,0
61,11,0
61,26,1
61,14,0
61,1,1
61,91,0
61,20,0
61,23,1
61,27,1
61,9,1
61,2,1
61,56,1
61,12,1
61,83,0
61,48,0
61,62,0
62,30,1
62,42,1
62,60,1
62,40,1
62,28,1
62,36,1
62,9,1
62,63,1
62,33,1
62,86,1
62,66,1
62,51,1
62,25,1
62,7,1
62,93,1
62,61,1
62,6,1
62,27,1
62,34,1
62,2,1
63,82,1
63,58,1
63,14,1
63,56,1
63,7,1
63,48,1
63,9,1
63,37,1
63,15,1
63,8,1
63,13,1
63,119,1
63,10,1
63,36,1
63,26,1
63,33,1
63,86,1
63,29,1
63,113,1
63,16,1
64,30,1
64,26,1
64,6,1
64,58,1
64,46,1
64,96,1
64,52,1
64,32,1
64,2,1
64,8,1
64,11,1
64,56,1
64,17,1
64,24,1
64,75,1
64,27,1
64,62,1
64,5,1
64,12,1
64,55,1
65,26,1
65,19,1
65,93,1
65,72,1
65,78,1
65,50,1
65,24,1
65,23,1
65,96,1
65,55,1
65,36,1
65,118,1
65,31,1
65,27,1
65,46,1
65,9,1
65,125,1
65,98,1
65,8,1
65,30,1
66,58,1
66,30,0
66,8,0
66,37,1
66,46,0
66,21,1
66,27,0
66,91,0
66,9,0
66,62,0
66,11,0
66,31,0
66,23,0
66,97,0
66,93,0
66,40,0
66,41,0
66,19,0
66,59,0
66,6,0
67,43,0
67,30,1
67,58,0
67,17,1
67,67,1
67,41,0
67,62,1
67,99,1
67,72,1
67,3,0
67,33,1
67,107,1
67,6,1
67,2,1
67,40,1
67,13,1
67,112,1
67,10,1
67,9,1
67,69,0
68,34,1
68,33,1
68,6,1
68,29,1
68,116,1
68,60,1
68,27,1
68,9,1
68,11,1
68,36,1
68,19,1
68,56,1
68,67,1
68,12,1
68,43,1
68,21,1
68,39,1
68,30,1
68,17,1
68,23,1
69,5,1
69,70,1
69,62,1
69,31,1
69,36,1
69,27,1
69,12,1
69,69,1
69,43,1
69,11,1
69,9,1
69,44,1
69,37,1
69,13,1
69,85,1
69,72,1
69,14,1
69,2,1
69,7,1
69,28,1
70,75,0
70,37,0
70,59,0
70,85,0
70,2,0
70,30,0
70,48,0
70,38,0
70,46,0
70,15,0
70,73,0
70,20,0
70,27,0
70,91,0
70,54,0
70,6,0
70,16,0
70,107,0
70,39,0
70,51,0
71,59,1
71,90,1
71,11,1
71,58,1
71,108,1
71,37,1
71,70,1
71,9,1
71,26,1
71,10,1
71,13,1
71,43,1
71,29,1
71,31,1
71,12,1
71,33,1
71,56,1
71,83,1
71,48,1
71,73,1
72,96,1
72,46,1
72,48,1
72,105,1
72,26,1
72,37,1
72,35,1
72,6,1
72,42,1
72,82,1
72,9,1
72,123,1
72,56,1
72,2,1
72,58,1
72,21,1
72,55,1
72,27,1
72,17,1
72,119,1
73,30,0
73,5,0
73,61,0
73,6,0
73,76,0
73,25,0
73,16,0
73,24,0
73,10,0
73,20,0
73,27,0
73,34,0
73,48,0
73,2,0
73,41,0
73,19,0
73,7,0
73,50,0
73,111,0
73,66,0
74,7,0
74,6,0
74,57,0
74,30,0
74,17,0
74,2,0
74,81,0
74,126,0
74,87,0
74,25,0
74,16,0
74,97,0
74,1,0
74,36,0
74,9,0
74,44,0
74,26,0
74,73,0
74,8,0
74,37,0
75,38,0
75,26,0
75,127,0
75,15,0
75,29,0
75,57,0
75,17,0
75,69,0
75,7,0
75,8,0
75,113,0
75,30,0
75,23,1
75,16,0
75,89,0
75,40,0
75,41,0
75,70,0
75,108,0
75,9,0
76,88,1
76,33,1
76,30,1
76,115,0
76,28,0
76,7,1
76,46,1
76,23,0
76,61,1
76,128,1
76,65,0
76,6,0
76,69,1
76,66,0
76,9,1
76,59,1
76,90,1
76,21,1
76,36,1
76,43,1
77,27,1
77,71,1
77,58,1
77,9,1
77,99,1
77,56,1
77,31,1
77,30,1
77,6,1
77,29,1
77,44,1
77,82,1
77,3,1
77,66,1
77,60,1
77,104,1
77,45,1
77,41,1
77,86,1
77,16,1
78,73,1
78,89,1
78,62,1
78,43,1
78,27,1
78,61,1
78,71,1
78,30,1
78,52,1
78,59,1
78,12,1
78,63,1
78,8,1
78,7,1
78,48,1
78,87,1
78,23,1
78,78,1
78,11,1
78,91,1
79,108,1
79,73,1
79,61,1
79,75,1
79,2,1
79,66,1
79,57,1
79,5,1
79,15,1
79,71,1
79,36,1
79,9,1
79,92,1
79,11,1
79,114,0
79,12,1
79,45,1
79,119,1
79,50,1
79,24,1
80,9,1
80,6,1
80,79,0
80,19,0
80,15,0
80,121,0
80,73,1
80,1,1
80,83,1
80,16,1
80,7,1
80,64,1
80,88,1
80,59,1
80,96,1
80,26,1
80,10,1
80,44,1
80,113,1
80,27,1
81,48,1
81,34,1
81,17,1
81,15,1
81,6,1
81,16,1
81,43,1
81,59,1
81,107,1
81,26,1
81,29,1
81,61,1
81,36,1
81,88,1
81,42,1
81,97,1
81,11,1
81,56,1
81,30,1
81,122,1
82,127,0
82,37,1
82,35,0
82,30,0
82,23,0
82,9,0
82,12,0
82,7,0
82,54,0
82,27,0
82,33,0
82,60,0
82,43,0
82,56,0
82,1,0
82,84,0
82,90,0
82,40,0
82,71,0
82,111,0
83,37,1
83,62,1
83,33,1
83,2,1
83,6,1
83,17,1
83,16,1
83,52,1
83,71,1
83,26,1
83,124,1
83,39,1
83,9,1
83,30,1
83,38,1
83,27,1
83,21,1
83,92,1
83,54,1
83,46,1
84,13,1
84,27,1
84,3,1
84,59,1
84,12,1
84,65,1
84,8,1
84,86,1
84,9,1
84,1,1
84,23,1
84,11,1
84,30,1
84,37,1
84,75,1
84,56,1
84,10,1
84,97,1
84,36,1
84,40,1
85,43,0
85,56,0
85,26,0
85,111,0
85,2,0
85,93,0
85,69,0
85,54,0
85,19,0
85,48,0
85,33,0
85,17,0
85,20,0
85,61,0
85,27,0
85,41,0
85,7,0
85,3,0
85,9,0
85,103,0
86,71,1
86,29,1
86,88,1
86,11,1
86,59,1
86,56,1
86,33,1
86,30,1
86,9,1
86,46,1
86,129,1
86,27,1
86,21,1
86,13,1
86,7,1
86,24,1
86,70,1
86,14,0
86,23,0
86,61,1
87,121,0
87,29,0
87,71,0
87,48,0
87,103,0
87,33,0
87,105,0
87,24,0
87,30,0
87,69,0
87,58,0
87,21,0
87,6,0
87,65,0
87,37,0
87,27,0
87,16,0
87,51,0
87,5,0
87,7,0
88,93,0
88,69,0
88,40,0
88,36,0
88,9,0
88,18,1
88,26,0
88,58,1
88,15,0
88,66,1
88,17,0
88,10,0
88,119,0
88,44,1
88,11,0
88,71,0
88,50,0
88,27,0
88,30,0
88,7,0
89,15,1
89,16,1
89,48,1
89,108,1
89,56,1
89,6,1
89,54,1
89,17,1
89,41,1
89,43,1
89,59,1
89,26,1
89,40,1
89,3,0
89,8,1
89,49,1
89,10,1
89,36,1
89,86,1
89,23,1
90,87,1
90,13,1
90,34,1
90,61,1
90,33,1
90,55,1
90,82,1
90,7,1
90,2,1
90,19,1
90,69,1
90,59,1
90,31,0
90,88,1
90,9,1
90,14,1
90,27,1
90,17,1
90,40,1
90,12,1
91,37,0
91,19,0
91,44,0
91,42,0
91,20,0
91,66,0
91,81,0
91,23,0
91,55,0
91,14,0
91,27,0
91,45,0
91,29,0
91,85,0
91,9,0
91,28,0
91,62,0
91,11,0
91,30,0
91,60,0
92,73,0
92,74,0
92,59,0
92,60,0
92,4,0
92,98,0
92,62,0
92,61,0
92,56,0
92,27,0
92,111,0
92,86,0
92,17,0
92,6,0
92,55,0
92,28,0
92,25,0
92,19,0
92,23,1
92,21,0
93,9,0
93,48,0
93,65,0
93,7,0
93,6,0
93,107,0
93,46,0
93,56,0
93,72,0
93,93,0
93,59,0
93,43,0
93,42,0
93,11,0
93,76,0
93,95,1
93,119,0
93,68,0
93,13,0
93,58,0
94,40,1
94,95,1
94,69,1
94,26,1
94,31,1
94,13,1
94,39,1
94,85,1
94,6,1
94,30,1
94,56,1
94,19,1
94,61,1
94,73,1
94,43,1
94,17,1
94,72,1
94,5,1
94,87,1
94,65,1
95,18,0
95,38,0
95,86,0
95,29,0
95,20,0
95,19,0
95,26,0
95,7,0
95,39,0
95,17,0
95,40,0
95,114,1
95,9,0
95,13,0
95,5,0
95,2,0
95,37,1
95,27,0
95,11,0
95,48,0
96,27,0
96,43,0
96,34,0
96,39,0
96,20,0
96,40,0
96,30,0
96,51,0
96,14,0
96,2,0
96,19,0
96,71,0
96,93,0
96,5,0
96,7,0
96,26,0
96,11,0
96,29,0
96,33,0
96,55,0
97,12,0
97,69,0
97,3,0
97,19,0
97,28,0
97,7,0
97,39,0
97,43,0
97,40,0
97,96,0
97,5,0
97,23,0
97,61,0
97,27,0
97,73,0
97,2,0
97,63,0
97,51,0
97,15,0
97,71,0
98,61,1
98,69,1
98,16,1
98,45,1
98,36,1
98,87,0
98,23,0
98,59,1
98,127,1
98,43,1
98,7,1
98,72,1
98,9,1
98,21,0
98,116,1
98,11,1
98,18,1
98,15,1
98,40,0
98,27,1
99,56,0
99,42,0
99,8,0
99,11,0
99,43,0
99,59,0
99,46,0
99,50,0
99,36,0
99,107,0
99,66,0
99,23,0
99,111,0
99,29,0
99,6,0
99,34,0
99,39,0
99,16,0
99,18,0
99,72,0
100,13,0
100,71,0
100,44,0
100,94,0
100,7,0
100,115,0
100,60,0
100,61,0
100,69,0
100,12,0
100,9,0
100,37,1
100,59,0
100,27,0
100,26,0
100,43,0
100,21,0
100,25,0
100,15,0
100,30,0
101,7,1
101,82,0
101,94,0
101,108,0
101,62,0
101,41,0
101,44,0
101,8,0
101,115,0
101,101,0
101,13,0
101,37,1
101,99,0
101,2,0
101,6,0
101,46,0
101,20,0
101,60,0
101,121,0
101,23,0
102,28,0
102,73,0
102,66,1
102,103,0
102,17,0
102,61,0
102,65,0
102,108,0
102,121,0
102,70,0
102,20,1
102,2,0
102,114,0
102,29,0
102,42,1
102,10,0
102,60,0
102,27,1
102,33,1
102,6,0
103,34,1
103,108,1
103,5,1
103,9,1
103,38,1
103,27,1
103,6,1
103,94,1
103,33,1
103,42,0
103,8,1
103,7,1
103,51,1
103,68,1
103,30,1
103,85,1
103,73,1
103,128,0
103,83,1
103,19,1
104,12,0
104,57,0
104,73,0
104,59,0
104,101,0
104,24,0
104,46,0
104,30,0
104,43,1
104,55,1
104,37,0
104,33,0
104,6,0
104,27,0
104,7,1
104,11,0
104,8,0
104,23,0
104,104,0
104,96,0
105,40,1
105,61,1
105,93,1
105,9,1
105,26,0
105,12,1
105,107,1
105,14,1
105,59,1
105,39,1
105,29,1
105,115,1
105,43,1
105,27,1
105,95,1
105,7,1
105,120,1
105,90,1
105,20,1
105,25,1
106,26,0
106,43,0
106,58,0
106,6,0
106,27,0
106,37,0
106,28,0
106,90,0
106,60,0
106,16,1
106,25,0
106,73,0
106,66,0
106,14,0
106,63,0
106,96,0
106,30,0
106,17,0
106,19,0
106,2,0
107,120,1
107,9,1
107,8,1
107,5,1
107,30,1
107,26,1
107,39,1
107,37,0
107,56,1
107,17,1
107,7,1
107,59,1
107,89,1
107,13,1
107,11,1
107,68,1
107,16,1
107,107,1
107,24,1
107,90,1
108,105,1
108,38,1
108,50,1
108,7,1
108,33,1
108,69,1
108,54,1
108,20,1
108,62,1
108,61,1
108,40,1
108,42,1
108,27,1
108,56,1
108,9,1
108,6,1
108,43,1
108,15,1
108,103,1
108,12,1
109,115,0
109,16,0
109,91,0
109,9,0
109,6,0
109,26,0
109,72,0
109,88,0
109,61,0
109,79,0
109,113,0
109,56,0
109,50,0
109,59,0
109,30,0
109,27,0
109,11,0
109,99,0
109,42,0
109,119,0
110,23,1
110,13,1
110,43,0
110,34,1
110,7,1
110,17,1
110,119,1
110,50,1
110,25,1
110,127,1
110,5,1
110,15,1
110,26,1
110,30,1
110,22,1
110,8,0
110,121,1
110,60,1
110,27,1
110,24,1
111,87,1
111,88,1
111,116,1
111,40,1
111,17,1
111,124,1
111,2,1
111,62,1
111,72,1
111,113,1
111,121,1
111,32,1
111,14,0
111,7,1
111,36,1
111,46,1
111,85,1
111,11,1
111,55,1
111,23,1
112,10,1
112,124,1
112,25,1
112,5,1
112,33,1
112,59,1
112,34,1
112,46,1
112,61,1
112,119,1
112,112,1
112,40,1
112,60,1
112,23,1
112,3,1
112,8,1
112,69,1
112,108,1
112,22,1
112,9,1
113,49,0
113,30,0
113,10,0
113,23,0
113,38,0
113,15,0
113,117,0
113,59,0
113,48,0
113,8,0
113,12,0
113,13,0
113,88,0
113,50,0
113,87,0
113,70,0
113,36,0
113,5,0
113,39,0
113,9,0
114,6,1
114,112,1
114,71,1
114,67,1
114,16,1
114,104,1
114,59,0
114,125,1
114,62,1
114,24,1
114,30,1
114,1,0
114,43,1
114,107,1
114,15,1
114,23,0
114,27,1
114,46,1
114,26,1
114,7,1
115,43,0
115,9,0
115,11,0
115,37,0
115,86,0
115,4,0
115,26,0
115,12,0
115,2,0
115,52,0
115,92,0
115,91,0
115,51,0
115,29,0
115,20,0
115,40,0
115,85,0
115,36,0
115,21,0
115,15,0
116,43,1
116,31,1
116,15,1
116,65,1
116,5,1
116,33,1
116,40,1
116,9,1
116,19,1
116,2,1
116,11,1
116,61,1
116,113,1
116,30,1
116,117,1
116,48,1
116,10,1
116,27,1
116,16,1
116,36,1
117,53,0
117,114,1
117,37,1
117,33,0
117,30,0
117,20,0
117,6,0
117,92,0
117,27,0
117,8,0
117,59,0
117,40,0
117,48,0
117,9,0
117,25,0
117,51,0
117,19,0
117,23,0
117,130,0
117,7,0
118,104,0
118,30,0
118,2,0
118,27,0
118,6,0
118,22,0
118,61,0
118,59,0
118,7,0
118,10,0
118,71,0
118,19,0
118,29,0
118,9,0
118,37,0
118,25,0
118,115,0
118,16,0
118,5,0
118,62,0
119,15,0
119,36,0
119,13,0
119,2,0
119,24,0
119,116,0
119,31,0
119,7,0
119,5,0
119,73,0
119,34,0
119,71,0
119,9,1
119,51,0
119,28,0
119,27,0
119,63,0
119,124,0
119,6,0
119,12,0
120,29,0
120,90,0
120,7,0
120,83,0
120,45,0
120,15,0
120,14,0
120,59,0
120,27,0
120,62,1
120,20,1
120,55,0
120,21,0
120,18,1
120,16,0
120,11,0
120,9,0
120,6,1
120,17,0
120,37,1
121,82,1
121,24,0
121,58,1
121,21,1
121,84,1
121,9,1
121,92,1
121,74,1
121,36,1
121,56,1
121,115,0
121,107,1
121,89,1
121,7,1
121,73,1
121,90,1
121,27,1
121,59,0
121,31,1
121,17,1
122,25,1
122,6,1
122,36,1
122,22,1
122,17,1
122,62,1
122,48,1
122,41,1
122,115,1
122,8,1
122,43,1
122,9,1
122,27,1
122,119,1
122,30,1
122,86,1
122,46,1
122,60,1
122,50,1
122,19,1
123,11,0
123,75,0
123,118,0
123,4,0
123,55,0
123,12,0
123,91,0
123,119,0
123,26,0
123,9,1
123,30,0
123,99,0
123,22,0
123,28,0
123,7,0
123,87,1
123,27,0
123,15,0
123,61,0
123,6,0
124,7,1
124,19,1
124,27,1
124,39,1
124,60,1
124,61,1
124,8,1
124,120,1
124,24,1
124,96,1
124,119,1
124,71,1
124,26,1
124,22,1
124,40,1
124,29,1
124,98,1
124,17,1
124,56,1
124,9,1
125,5,1
125,63,1
125,8,1
125,124,1
125,7,1
125,26,1
125,29,1
125,30,1
125,116,1
125,127,1
125,111,1
125,50,1
125,6,1
125,27,1
125,20,1
125,4,1
125,22,1
125,131,1
125,40,1
125,9,0
126,11,1
126,41,1
126,6,1
126,114,1
126,42,0
126,7,1
126,51,1
126,22,1
126,99,0
126,26,1
126,43,1
126,82,1
126,9,1
126,19,1
126,67,1
126,61,1
126,68,1
126,40,1
126,21,1
126,23,1
127,79,0
127,17,0
127,121,0
127,40,0
127,50,0
127,43,0
127,9,0
127,7,0
127,10,0
127,107,0
127,1,0
127,6,0
127,16,0
127,38,0
127,5,0
127,82,0
127,28,0
127,27,0
127,30,0
127,21,0
128,6,1
128,9,1
128,58,1
128,43,1
128,48,1
128,59,1
128,7,1
128,40,1
128,121,1
128,73,1
128,31,1
128,22,1
128,107,1
128,27,1
128,26,1
128,67,1
128,86,1
128,72,1
128,11,1
128,13,1
129,29,1
129,130,1
129,45,1
129,18,1
129,31,0
129,27,1
129,7,1
129,96,1
129,14,1
129,61,1
129,23,1
129,59,1
129,9,1
129,62,1
129,54,1
129,28,1
129,56,1
129,13,1
129,15,1
129,17,1
130,60,0
130,2,0
130,5,0
130,36,0
130,104,0
130,46,0
130,44,0
130,71,0
130,7,0
130,18,0
130,9,0
130,96,0
130,27,0
130,30,0
130,23,0
130,11,0
130,56,0
130,49,0
130,45,0
130,28,0
131,8,0
131,40,0
131,119,0
131,42,0
131,127,0
131,3,0
131,61,0
131,29,0
131,7,0
131,115,0
131,97,0
131,27,0
131,24,0
131,21,0
131,12,0
131,26,0
131,39,0
131,88,0
131,51,0
131,17,0
132,127,1
132,86,1
132,11,1
132,5,1
132,12,1
132,50,1
132,115,1
132,43,1
132,8,0
132,37,0
132,34,1
132,56,1
132,45,1
132,30,1
132,9,1
132,88,1
132,10,1
132,13,1
132,24,0
132,79,0
133,33,0
133,56,1
133,45,0
133,39,0
133,12,1
133,41,1
133,23,0
133,19,1
133,113,0
133,27,1
133,99,0
133,111,1
133,37,1
133,13,0
133,40,1
133,26,1
133,7,1
133,34,0
133,61,0
133,46,0
134,29,1
134,41,1
134,7,1
134,11,1
134,2,1
134,9,1
134,30,1
134,5,1
134,55,1
134,44,1
134,58,1
134,16,1
134,111,1
134,13,1
134,21,1
134,86,1
134,79,1
134,27,1
134,107,1
134,14,1
135,73,0
135,37,0
135,36,0
135,16,0
135,39,0
135,23,1
135,99,0
135,69,0
135,60,0
135,42,0
135,132,0
135,105,0
135,30,0
135,27,0
135,15,0
135,33,0
135,20,0
135,6,0
135,12,0
135,61,0
136,43,0
136,63,0
136,14,0
136,13,0
136,12,0
136,90,0
136,27,0
136,6,0
136,2,0
136,33,1
136,52,0
136,26,0
136,69,0
136,42,0
136,57,0
136,7,0
136,28,0
136,59,0
136,21,0
136,54,0
137,74,0
137,107,0
137,97,0
137,36,0
137,23,0
137,27,0
137,59,0
137,85,0
137,60,0
137,7,0
137,48,0
137,31,1
137,17,0
137,69,0
137,11,0
137,86,0
137,41,0
137,117,0
137,26,0
137,9,0
138,11,1
138,2,1
138,4,1
138,23,1
138,48,1
138,15,1
138,30,1
138,57,1
138,17,1
138,86,1
138,9,1
138,1,1
138,60,1
138,52,1
138,13,1
138,7,1
138,37,1
138,105,1
138,40,1
138,61,1
139,16,1
139,66,1
139,14,1
139,107,1
139,24,1
139,18,1
139,79,1
139,6,1
139,27,1
139,65,1
139,9,1
139,23,1
139,125,1
139,72,1
139,28,1
139,54,1
139,97,1
139,13,1
139,71,1
139,61,1
140,5,1
140,26,1
140,23,1
140,111,1
140,127,1
140,54,1
140,25,1
140,6,1
140,28,0
140,43,1
140,51,1
140,3,1
140,9,1
140,7,1
140,17,1
140,119,1
140,117,1
140,59,1
140,39,1
140,27,1
141,29,0
141,60,0
141,17,0
141,18,0
141,22,0
141,27,0
141,25,0
141,13,0
141,79,0
141,62,0
141,15,0
141,23,0
141,30,0
141,9,0
141,42,0
141,61,0
141,1,0
141,10,0
141,58,0
141,48,0
142,101,1
142,78,1
142,15,1
142,98,1
142,9,1
142,108,1
142,56,1
142,40,1
142,58,1
142,97,1
142,8,1
142,72,1
142,52,1
142,29,1
142,2,1
142,28,1
142,111,1
142,83,1
142,30,1
142,113,1
143,25,0
143,69,0
143,15,0
143,115,0
143,48,0
143,9,0
143,27,0
143,105,0
143,31,0
143,46,0
143,21,0
143,39,0
143,71,0
143,26,0
143,30,0
143,37,1
143,11,0
143,2,0
143,14,0
143,24,0
144,98,1
144,1,1
144,36,1
144,25,1
144,34,1
144,62,1
144,108,1
144,37,1
144,97,1
144,52,1
144,23,1
144,29,1
144,95,1
144,73,1
144,40,1
144,86,1
144,27,1
144,85,1
144,133,1
144,11,1
145,21,1
145,7,1
145,82,0
145,17,0
145,44,1
145,66,1
145,114,1
145,9,0
145,106,0
145,75,1
145,23,0
145,11,1
145,118,0
145,43,1
145,67,1
145,10,1
145,30,1
145,25,1
145,8,0
145,61,1
146,56,1
146,15,1
146,3,1
146,14,1
146,97,1
146,13,1
146,8,1
146,66,1
146,127,1
146,40,1
146,26,1
146,12,1
146,50,1
146,29,1
146,72,1
146,51,1
146,95,1
146,20,1
146,48,1
146,9,1
147,1,0
147,9,0
147,20,0
147,51,0
147,60,0
147,30,0
147,55,0
147,18,0
147,46,0
147,7,0
147,40,0
147,79,0
147,27,0
147,21,0
147,34,0
147,8,0
147,6,0
147,12,0
147,108,0
147,104,0
148,67,0
148,16,0
148,71,0
148,56,0
148,10,0
148,2,0
148,9,0
148,48,0
148,17,0
148,13,0
148,27,0
148,24,0
148,115,0
148,14,0
148,114,1
148,62,0
148,22,0
148,30,0
148,111,0
148,134,0
149,23,0
149,5,0
149,48,0
149,19,0
149,15,0
149,107,0
149,59,0
149,9,0
149,7,0
149,17,0
149,12,0
149,37,0
149,36,0
149,46,1
149,25,0
149,72,0
149,45,0
149,49,0
149,29,0
149,38,0
150,32,1
150,61,1
150,24,1
150,33,1
150,14,1
150,30,1
150,37,1
150,27,1
150,121,1
150,90,1
150,104,1
150,39,1
150,88,1
150,60,1
150,6,0
150,40,1
150,22,1
150,19,1
150,13,1
150,9,1
151,3,0
151,7,0
151,31,1
151,61,0
151,11,0
151,60,0
151,48,0
151,13,0
151,111,0
151,85,0
151,27,0
151,66,0
151,40,0
151,93,0
151,30,0
151,56,0
151,39,0
151,2,0
151,6,0
151,36,0
152,58,1
152,29,1
152,60,1
152,46,1
152,57,1
152,2,1
152,23,0
152,86,1
152,38,1
152,112,1
152,33,1
152,28,1
152,17,1
152,12,1
152,73,1
152,8,1
152,105,1
152,93,1
152,39,1
152,54,1
153,36,0
153,26,0
153,56,0
153,20,0
153,119,0
153,37,0
153,44,0
153,7,0
153,40,0
153,12,0
153,95,1
153,60,0
153,88,0
153,79,0
153,5,0
153,13,0
153,15,0
153,16,0
153,127,0
153,59,0
154,69,0
154,12,0
154,89,0
154,40,0
154,17,0
154,92,0
154,98,0
154,9,0
154,2,0
154,28,0
154,63,0
154,59,0
154,62,0
154,87,0
154,37,0
154,31,0
154,131,0
154,56,0
154,58,0
154,36,0
155,98,1
155,61,1
155,96,1
155,42,1
155,103,1
155,17,1
155,7,1
155,21,1
155,41,1
155,127,1
155,71,1
155,83,1
155,57,1
155,46,1
155,22,1
155,2,1
155,55,1
155,23,1
155,27,1
155,31,1
156,12,0
156,19,0
156,54,0
156,27,0
156,14,0
156,9,0
156,48,0
156,72,0
156,28,0
156,7,0
156,40,0
156,107,0
156,11,0
156,36,0
156,79,0
156,20,0
156,34,0
156,30,0
156,55,0
156,15,0
157,14,0
157,19,0
157,27,0
157,2,0
157,42,0
157,12,0
157,8,0
157,11,0
157,43,0
157,30,0
157,25,0
157,29,0
157,22,0
157,61,0
157,79,0
157,48,0
157,20,0
157,70,0
157,6,0
157,7,0
158,66,0
158,44,0
158,56,1
158,18,0
158,68,0
158,6,1
158,46,0
158,104,0
158,16,0
158,69,0
158,27,1
158,60,0
158,26,0
158,36,0
158,59,0
158,20,0
158,41,1
158,37,0
158,10,0
158,39,0
159,62,0
159,2,0
159,11,0
159,41,0
159,30,0
159,25,0
159,8,0
159,6,0
159,83,0
159,58,0
159,19,0
159,66,0
159,61,0
159,40,0
159,120,0
159,59,0
159,50,0
159,7,0
159,39,0
159,17,0
160,9,1
160,11,1
160,51,1
160,16,1
160,10,1
160,46,1
160,60,1
160,41,1
160,38,1
160,49,1
160,7,1
160,82,1
160,15,1
160,28,1
160,87,1
160,26,1
160,58,1
160,56,1
160,34,1
160,33,1
161,55,0
161,21,1
161,6,1
161,11,1
161,115,1
161,31,1
161,7,1
161,23,1
161,10,1
161,26,1
161,66,1
161,13,1
161,70,1
161,27,1
161,9,1
161,71,0
161,61,0
161,50,0
161,99,0
161,60,1
162,26,1
162,108,0
162,103,1
162,86,1
162,11,1
162,2,1
162,40,1
162,55,0
162,31,1
162,61,1
162,90,1
162,30,1
162,43,1
162,21,1
162,4,1
162,9,1
162,28,1
162,99,1
162,7,1
162,107,1
163,40,0
163,10,0
163,118,0
163,9,0
163,44,0
163,28,0
163,31,1
163,7,0
163,70,0
163,11,0
163,6,0
163,29,0
163,56,0
163,43,0
163,37,0
163,23,0
163,88,0
163,58,0
163,93,0
163,48,0
164,61,1
164,72,1
164,73,1
164,36,1
164,38,1
164,52,1
164,91,1
164,59,1
164,8,1
164,97,1
164,27,1
164,7,1
164,37,0
164,43,1
164,34,1
164,18,1
164,6,1
164,46,1
164,60,1
164,56,1
165,73,1
165,11,1
165,32,0
165,44,1
165,60,1
165,7,1
165,56,1
165,39,1
165,27,1
165,69,1
165,128,1
165,86,0
165,55,1
165,19,1
165,9,1
165,63,1
165,28,0
165,59,0
165,10,1
165,57,1
166,27,0
166,67,0
166,56,0
166,52,0
166,58,0
166,62,0
166,43,0
166,61,0
166,39,0
166,19,0
166,37,0
166,3,0
166,41,0
166,71,0
166,33,0
166,30,0
166,29,0
166,114,0
166,8,0
166,23,0
167,7,0
167,107,0
167,29,0
167,15,0
167,27,0
167,19,0
167,62,0
167,9,0
167,91,0
167,117,0
167,30,0
167,5,0
167,10,0
167,86,0
167,12,0
167,6,0
167,121,0
167,39,0
167,2,0
167,41,0
168,71,0
168,5,0
168,111,0
168,36,0
168,135,0
168,43,0
168,9,1
168,56,0
168,75,0
168,37,0
168,16,1
168,48,0
168,10,0
168,29,0
168,31,0
168,20,0
168,26,0
168,66,0
168,39,0
168,115,0
169,93,1
169,45,1
169,40,1
169,101,1
169,37,1
169,107,1
169,5,1
169,43,1
169,70,1
169,2,1
169,9,1
169,27,1
169,44,1
169,69,1
169,65,1
169,55,1
169,48,1
169,6,1
169,82,1
169,8,1
170,13,1
170,26,1
170,11,1
170,104,1
170,59,1
170,65,1
170,22,1
170,38,1
170,71,1
170,69,1
170,15,1
170,33,1
170,111,1
170,41,1
170,28,1
170,70,1
170,30,1
170,7,1
170,119,1
170,18,0
171,2,1
171,42,0
171,6,1
171,29,1
171,106,1
171,107,1
171,124,1
171,68,1
171,27,1
171,39,1
171,72,1
171,24,1
171,20,1
171,12,1
171,87,1
171,40,1
171,59,1
171,85,1
171,14,1
171,86,1
172,6,1
172,88,1
172,5,1
172,115,1
172,17,1
172,24,1
172,61,1
172,71,1
172,42,1
172,69,1
172,27,1
172,65,1
172,21,1
172,14,1
172,9,1
172,98,1
172,23,1
172,105,1
172,128,1
172,59,1
173,30,0
173,71,1
173,44,1
173,128,1
173,48,1
173,73,0
173,19,1
173,25,0
173,26,0
173,37,1
173,118,1
173,29,1
173,2,0
173,66,1
173,33,1
173,27,1
173,46,1
173,11,1
173,13,1
173,21,0
174,99,0
174,43,1
174,6,0
174,36,0
174,9,1
174,16,0
174,113,0
174,54,1
174,61,0
174,40,1
174,7,0
174,73,0
174,1,0
174,2,1
174,31,1
174,8,0
174,60,0
174,95,1
174,28,0
174,15,0
175,92,1
175,60,1
175,107,1
175,48,1
175,38,1
175,74,1
175,9,1
175,27,1
175,55,1
175,119,1
175,37,1
175,14,1
175,43,1
175,10,1
175,8,1
175,26,1
175,15,1
175,3,1
175,22,1
175,2,1
176,5,1
176,33,1
176,15,1
176,71,1
176,74,1
176,27,1
176,40,1
176,13,1
176,10,0
176,14,1
176,66,1
176,43,1
176,9,1
176,87,1
176,50,1
176,29,1
176,55,1
176,30,1
176,57,1
176,52,1
177,82,0
177,61,0
177,114,0
177,127,0
177,58,0
177,21,0
177,52,0
177,96,0
177,10,0
177,8,0
177,90,0
177,30,0
177,121,0
177,69,0
177,92,0
177,13,0
177,115,0
177,9,0
177,36,0
177,19,0
178,34,1
178,17,0
178,36,0
178,61,1
178,86,0
178,52,1
178,11,0
178,79,0
178,9,1
178,27,1
178,16,1
178,26,1
178,62,1
178,58,0
178,30,1
178,7,1
178,10,1
178,106,1
178,41,1
178,28,1
179,58,1
179,135,1
179,9,1
179,62,1
179,26,0
179,71,1
179,51,1
179,60,1
179,27,1
179,119,1
179,2,1
179,12,0
179,19,1
179,28,0
179,3,1
179,87,1
179,14,1
179,6,1
179,8,1
179,93,1
180,16,0
180,71,0
180,3,0
180,96,0
180,17,0
180,45,0
180,88,0
180,19,0
180,116,0
180,93,0
180,5,0
180,92,0
180,31,0
180,9,0
180,56,0
180,58,0
180,51,0
180,4,0
180,94,0
180,82,0
181,40,1
181,107,1
181,4,1
181,91,0
181,114,1
181,36,1
181,37,1
181,59,0
181,7,1
181,97,1
181,27,1
181,92,0
181,113,1
181,12,1
181,61,1
181,11,0
181,25,0
181,17,0
181,43,0
181,120,1
182,104,0
182,106,0
182,41,1
182,5,0
182,10,1
182,17,1
182,54,1
182,39,0
182,67,1
182,27,1
182,15,1
182,7,1
182,92,0
182,33,1
182,88,1
182,20,0
182,44,1
182,2,1
182,111,0
182,99,0
183,27,1
183,29,1
183,95,0
183,48,1
183,11,1
183,67,1
183,99,1
183,31,0
183,8,1
183,71,1
183,39,1
183,59,1
183,19,1
183,73,1
183,75,1
183,7,1
183,33,1
183,62,1
183,6,1
183,118,1
184,49,1
184,2,1
184,30,1
184,114,0
184,19,1
184,17,1
184,40,1
184,18,1
184,107,1
184,60,1
184,69,1
184,13,1
184,27,1
184,16,1
184,37,1
184,33,1
184,92,1
184,119,1
184,14,1
184,10,1
185,27,1
185,86,1
185,57,1
185,107,1
185,60,1
185,124,1
185,85,1
185,29,1
185,5,1
185,23,0
185,19,1
185,48,1
185,56,1
185,7,1
185,9,1
185,72,1
185,119,1
185,91,1
185,16,1
185,34,1
186,97,1
186,25,1
186,24,1
186,9,1
186,34,1
186,73,1
186,85,1
186,19,1
186,71,1
186,65,1
186,10,1
186,40,1
186,106,1
186,23,1
186,6,1
186,42,1
186,46,1
186,13,1
186,56,1
186,7,1
187,44,1
187,87,1
187,28,1
187,68,1
187,101,1
187,61,1
187,9,1
187,13,1
187,36,1
187,70,0
187,27,1
187,118,1
187,109,1
187,14,0
187,10,1
187,98,1
187,7,1
187,66,1
187,30,1
187,34,1
188,107,0
188,29,0
188,62,0
188,117,0
188,16,0
188,61,0
188,11,0
188,72,0
188,92,0
188,1,0
188,23,0
188,25,0
188,9,1
188,40,0
188,12,0
188,95,1
188,57,0
188,36,0
188,30,0
188,5,0
189,4,1
189,12,1
189,57,1
189,87,0
189,49,1
189,21,1
189,90,1
189,20,1
189,27,1
189,11,1
189,40,1
189,92,1
189,78,1
189,61,1
189,30,1
189,71,1
189,59,1
189,69,1
189,37,1
189,38,1
190,7,1
190,14,1
190,87,1
190,17,1
190,107,1
190,124,1
190,12,1
190,58,1
190,27,1
190,66,1
190,48,1
190,31,0
190,3,1
190,108,1
190,71,1
190,44,1
190,60,1
190,92,1
190,15,1
190,40,1
191,23,1
191,15,1
191,72,1
191,19,1
191,56,1
191,17,1
191,61,1
191,43,1
191,12,1
191,10,1
191,11,1
191,40,1
191,37,1
191,27,1
191,3,1
191,7,1
191,2,1
191,48,1
191,49,1
191,9,1
192,15,1
192,86,1
192,43,0
192,67,1
192,51,1
192,83,0
192,73,1
192,40,1
192,10,1
192,27,1
192,16,0
192,33,1
192,31,1
192,12,1
192,30,1
192,111,1
192,61,1
192,3,0
192,56,1
192,9,1
193,37,1
193,75,0
193,58,0
193,29,0
193,63,0
193,7,0
193,52,0
193,70,0
193,50,0
193,38,0
193,126,0
193,67,0
193,6,0
193,17,0
193,60,0
193,119,1
193,66,0
193,9,0
193,56,0
193,40,0
194,30,1
194,29,1
194,37,1
194,61,1
194,54,1
194,97,1
194,26,1
194,52,1
194,82,1
194,107,1
194,27,1
194,85,1
194,14,1
194,46,1
194,86,1
194,31,1
194,7,1
194,79,1
194,16,1
194,9,1
195,17,1
195,18,1
195,15,1
195,6,1
195,9,1
195,96,1
195,42,0
195,4,1
195,58,1
195,56,1
195,27,1
195,98,1
195,48,1
195,30,1
195,8,1
195,11,1
195,37,1
195,7,1
195,60,1
195,67,1
196,22,1
196,36,1
196,32,0
196,9,0
196,87,0
196,20,0
196,88,0
196,27,0
196,2,1
196,28,0
196,30,0
196,14,0
196,17,1
196,60,0
196,7,1
196,5,1
196,40,0
196,46,0
196,29,1
196,51,0
197,10,1
197,59,1
197,15,1
197,11,1
197,85,1
197,7,1
197,22,1
197,17,1
197,108,1
197,30,1
197,123,1
197,26,1
197,40,1
197,111,1
197,92,1
197,6,1
197,12,1
197,101,1
197,13,1
197,2,1
198,92,1
198,75,1
198,61,1
198,48,1
198,20,1
198,119,1
198,54,1
198,58,1
198,30,1
198,88,1
198,71,1
198,7,1
198,28,1
198,40,1
198,46,1
198,19,1
198,59,1
198,32,1
198,39,1
198,13,1
199,52,1
199,6,1
199,30,1
199,8,1
199,5,1
199,38,1
199,3,1
199,23,1
199,62,1
199,73,1
199,54,1
199,26,1
199,10,1
199,39,1
199,27,1
199,17,0
199,46,1
199,71,1
199,7,1
199,19,1
200,92,1
200,26,1
200,36,1
200,30,1
200,118,1
200,59,1
200,16,1
200,6,1
200,25,1
200,13,1
200,121,1
200,28,1
200,7,1
200,99,1
200,27,1
200,17,1
200,130,1
200,86,1
200,34,1
200,2,1
201,71,1
201,58,1
201,32,1
201,10,1
201,67,1
201,46,1
201,18,1
201,99,1
201,97,1
201,11,1
201,36,1
201,109,1
201,19,1
201,2,1
201,7,1
201,66,1
201,43,1
201,56,1
201,37,1
201,22,1
202,11,1
202,114,1
202,88,1
202,21,1
202,7,1
202,50,1
202,3,1
202,1,0
202,78,1
202,13,1
202,28,1
202,43,1
202,15,1
202,87,1
202,48,1
202,36,0
202,6,1
202,34,1
202,26,1
202,17,1
203,11,1
203,7,1
203,30,1
203,99,1
203,8,1
203,82,1
203,136,1
203,93,1
203,28,1
203,27,1
203,10,1
203,113,1
203,12,1
203,63,1
203,20,1
203,26,1
203,59,1
203,9,1
203,3,1
203,108,1
204,5,1
204,6,1
204,61,1
204,116,1
204,29,1
204,17,1
204,90,1
204,30,1
204,65,1
204,34,1
204,40,1
204,31,1
204,11,1
204,54,1
204,7,1
204,45,1
204,27,1
204,42,0
204,15,1
204,41,1
205,49,1
205,61,1
205,7,1
205,17,1
205,109,0
205,73,1
205,21,1
205,48,1
205,75,1
205,41,1
205,2,1
205,42,1
205,6,1
205,37,1
205,93,1
205,60,1
205,36,1
205,62,1
205,14,1
205,84,1
206,27,1
206,74,1
206,97,1
206,26,1
206,63,1
206,66,1
206,2,1
206,108,1
206,7,1
206,56,1
206,22,1
206,79,1
206,37,1
206,88,1
206,24,0
206,15,1
206,30,1
206,68,1
206,6,1
206,11,1
207,33,0
207,21,0
207,43,0
207,40,0
207,16,0
207,107,0
207,48,1
207,13,1
207,6,0
207,73,0
207,37,1
207,66,0
207,65,0
207,27,1
207,29,0
207,67,0
207,57,1
207,30,0
207,101,0
207,7,1
208,27,1
208,33,1
208,94,1
208,37,0
208,2,1
208,16,1
208,38,1
208,10,1
208,137,1
208,9,1
208,106,1
208,43,1
208,59,1
208,30,1
208,11,1
208,20,1
208,13,1
208,5,1
208,65,1
208,8,1
209,21,1
209,56,1
209,27,1
209,44,1
209,6,1
209,37,1
209,5,1
209,93,1
209,20,1
209,82,1
209,26,1
209,89,1
209,115,1
209,10,1
209,60,1
209,43,1
209,25,1
209,22,1
209,46,1
209,83,1
210,135,1
210,48,1
210,33,1
210,26,1
210,99,1
210,8,1
210,14,1
210,105,1
210,60,1
210,17,1
210,70,1
210,20,1
210,40,1
210,12,1
210,79,1
210,11,1
210,27,1
210,9,1
210,2,1
210,6,1
211,108,1
211,28,1
211,60,1
211,46,1
211,7,1
211,107,1
211,23,1
211,62,1
211,56,1
211,119,1
211,9,1
211,29,1
211,70,1
211,3,1
211,20,1
211,10,1
211,21,1
211,118,1
211,113,1
211,15,1
212,27,1
212,97,1
212,48,1
212,40,1
212,26,1
212,8,1
212,46,1
212,108,1
212,115,1
212,11,1
212,120,1
212,68,1
212,85,1
212,79,1
212,86,1
212,94,1
212,43,1
212,2,1
212,56,1
212,6,1
213,19,0
213,21,0
213,121,0
213,62,0
213,30,0
213,8,0
213,130,0
213,3,0
213,29,0
213,5,0
213,96,0
213,25,0
213,69,0
213,60,0
213,88,0
213,23,0
213,27,0
213,10,0
213,99,0
213,36,0
214,2,1
214,54,1
214,106,1
214,27,1
214,56,1
214,49,1
214,3,1
214,82,1
214,98,1
214,7,1
214,11,1
214,107,0
214,40,0
214,14,1
214,71,1
214,9,1
214,26,1
214,15,1
214,23,1
214,6,0
215,63,1
215,27,1
215,9,1
215,15,1
215,8,1
215,23,0
215,90,1
215,18,1
215,103,1
215,34,1
215,21,1
215,54,1
215,41,1
215,11,1
215,22,1
215,30,1
215,59,1
215,17,1
215,26,0
215,56,1
216,61,1
216,27,1
216,16,1
216,41,1
216,46,1
216,7,1
216,108,1
216,53,1
216,2,1
216,21,1
216,11,1
216,29,1
216,9,0
216,6,1
216,4,1
216,15,1
216,24,1
216,107,1
216,96,1
216,18,1
217,130,0
217,75,0
217,61,1
217,90,1
217,38,1
217,7,1
217,27,1
217,12,1
217,29,1
217,93,0
217,13,1
217,19,1
217,56,1
217,30,1
217,40,1
217,127,0
217,69,1
217,111,1
217,58,1
217,11,0
218,27,1
218,8,1
218,17,1
218,61,1
218,99,1
218,10,1
218,40,1
218,19,1
218,13,1
218,30,1
218,15,1
218,11,1
218,69,1
218,31,1
218,2,1
218,73,1
218,21,1
218,26,1
218,28,1
218,38,1
219,31,1
219,76,0
219,26,0
219,7,0
219,43,0
219,9,0
219,44,0
219,23,1
219,86,1
219,33,0
219,27,1
219,62,1
219,41,1
219,54,1
219,22,0
219,82,0
219,30,0
219,21,0
219,90,1
219,6,0
220,31,0
220,56,1
220,59,1
220,96,1
220,7,1
220,32,0
220,60,0
220,15,1
220,86,1
220,16,1
220,70,1
220,87,0
220,33,1
220,27,1
220,71,0
220,43,0
220,13,1
220,40,1
220,11,0
220,93,0
221,59,0
221,7,0
221,15,0
221,28,0
221,70,0
221,57,0
221,62,0
221,95,1
221,20,0
221,48,0
221,108,0
221,36,0
221,75,0
221,32,0
221,24,0
221,25,0
221,66,0
221,27,0
221,21,0
221,23,0
222,7,1
222,37,1
222,30,1
222,129,1
222,61,1
222,16,1
222,138,1
222,44,1
222,22,1
222,27,1
222,19,1
222,10,1
222,9,1
222,43,1
222,28,1
222,71,1
222,23,1
222,55,1
222,6,1
222,26,0
223,20,1
223,6,1
223,54,1
223,17,1
223,51,1
223,9,1
223,13,1
223,27,1
223,7,1
223,29,1
223,8,1
223,22,1
223,2,1
223,93,1
223,111,1
223,11,1
223,33,1
223,23,1
223,1,0
223,68,1
224,3,1
224,26,1
224,46,1
224,16,1
224,41,1
224,37,1
224,34,1
224,2,0
224,99,1
224,7,1
224,39,1
224,36,1
224,19,1
224,20,1
224,17,1
224,30,1
224,69,1
224,27,1
224,13,1
224,86,1
225,26,1
225,36,1
225,2,0
225,16,1
225,27,1
225,56,1
225,39,1
225,5,0
225,48,1
225,3,1
225,65,1
225,69,1
225,119,1
225,25,1
225,46,1
225,30,1
225,44,1
225,59,1
225,29,1
225,10,1
226,65,1
226,43,1
226,7,1
226,56,1
226,26,1
226,29,1
226,27,1
226,99,1
226,85,1
226,2,1
226,3,1
226,14,1
226,112,1
226,39,1
226,34,1
226,44,1
226,59,1
226,83,1
226,20,1
226,115,1
227,30,1
227,36,0
227,15,0
227,70,0
227,37,1
227,69,1
227,12,1
227,107,1
227,82,1
227,25,1
227,9,1
227,40,1
227,42,0
227,113,1
227,5,1
227,27,0
227,61,1
227,71,1
227,19,1
227,28,0
228,59,0
228,96,0
228,34,0
228,127,0
228,55,0
228,120,0
228,5,0
228,73,0
228,31,0
228,32,0
228,90,0
228,61,0
228,3,0
228,26,0
228,50,0
228,62,0
228,82,0
228,40,0
228,7,0
228,12,0
229,29,1
229,40,1
229,98,1
229,60,1
229,14,1
229,59,1
229,56,1
229,30,1
229,5,1
229,7,1
229,92,1
229,27,1
229,6,1
229,54,1
229,12,1
229,87,1
229,61,1
229,20,1
229,9,1
229,8,1
230,18,1
230,65,1
230,45,1
230,103,1
230,11,1
230,86,1
230,83,1
230,23,1
230,62,1
230,46,1
230,108,1
230,95,1
230,7,1
230,15,1
230,59,1
230,39,1
230,19,1
230,43,1
230,68,1
230,44,1
231,71,1
231,12,1
231,113,1
231,2,1
231,15,1
231,106,1
231,11,1
231,45,1
231,60,1
231,7,1
231,93,1
231,58,1
231,19,1
231,27,1
231,9,1
231,4,1
231,40,1
231,37,1
231,50,1
231,18,1
232,1,0
232,106,1
232,39,1
232,107,1
232,49,1
232,12,1
232,23,1
232,9,1
232,37,1
232,16,1
232,5,1
232,56,1
232,15,1
232,7,1
232,6,1
232,43,1
232,28,1
232,11,1
232,2,1
232,59,1
233,83,1
233,16,1
233,86,1
233,48,1
233,9,1
233,7,1
233,52,1
233,29,1
233,6,1
233,17,1
233,27,1
233,10,1
233,24,1
233,97,1
233,40,1
233,101,1
233,125,1
233,46,1
233,35,1
233,78,1
234,48,1
234,23,0
234,27,1
234,7,1
234,62,0
234,25,0
234,132,1
234,30,1
234,43,1
234,11,1
234,44,1
234,69,1
234,39,1
234,46,0
234,18,1
234,107,0
234,9,0
234,118,1
234,104,1
234,99,0
235,66,0
235,29,1
235,25,1
235,35,0
235,107,1
235,2,1
235,13,1
235,39,1
235,93,1
235,6,0
235,16,1
235,21,1
235,7,1
235,89,1
235,30,1
235,28,1
235,88,1
235,59,1
235,11,1
235,27,1
236,12,1
236,17,1
236,23,1
236,81,1
236,11,1
236,43,1
236,7,1
236,86,1
236,85,1
236,9,1
236,3,1
236,48,1
236,44,1
236,52,1
236,40,1
236,36,1
236,34,1
236,37,1
236,26,1
236,47,1
237,29,1
237,27,1
237,118,1
237,2,1
237,71,1
237,14,1
237,35,1
237,85,1
237,95,1
237,86,1
237,108,1
237,30,1
237,60,1
237,119,1
237,26,1
237,36,1
237,72,1
237,19,1
237,48,1
237,15,1
238,9,1
238,94,1
238,63,1
238,13,1
238,2,1
238,16,1
238,7,1
238,59,1
238,6,1
238,37,1
238,35,1
238,60,1
238,98,1
238,14,1
238,11,1
238,19,1
238,56,1
238,29,1
238,86,1
238,67,1
239,59,1
239,67,1
239,113,1
239,92,1
239,90,1
239,87,1
239,28,1
239,9,1
239,30,1
239,27,1
239,29,1
239,7,1
239,10,1
239,71,1
239,21,1
239,13,1
239,20,1
239,18,1
239,25,1
239,60,1
240,93,1
240,41,1
240,24,1
240,50,1
240,51,1
240,10,1
240,40,1
240,98,1
240,11,1
240,62,1
240,27,1
240,5,1
240,33,1
240,42,1
240,15,1
240,71,1
240,56,1
240,26,1
240,49,1
240,6,1
241,45,1
241,56,1
241,27,1
241,33,1
241,16,1
241,41,1
241,13,0
241,30,1
241,39,1
241,21,1
241,15,1
241,17,1
241,37,1
241,63,1
241,7,1
241,14,1
241,25,1
241,70,1
241,93,1
241,61,1
242,17,1
242,30,1
242,22,1
242,27,1
242,34,1
242,46,1
242,13,1
242,54,1
242,26,1
242,16,1
242,37,1
242,111,1
242,7,1
242,56,1
242,120,1
242,5,1
242,10,1
242,14,1
242,107,1
242,9,1
243,85,1
243,3,1
243,55,1
243,14,1
243,23,1
243,27,1
243,45,1
243,7,1
243,9,1
243,60,1
243,8,1
243,20,1
243,73,1
243,29,1
243,33,1
243,19,1
243,92,1
243,31,0
243,48,1
243,61,1
244,115,0
244,19,0
244,27,0
244,17,0
244,16,1
244,42,0
244,79,0
244,61,0
244,9,0
244,75,0
244,8,0
244,59,1
244,60,0
244,11,0
244,39,0
244,34,0
244,1,1
244,98,0
244,7,0
244,96,0
245,58,1
245,21,1
245,63,1
245,40,1
245,59,1
245,37,1
245,61,1
245,41,1
245,27,1
245,12,1
245,15,1
245,20,1
245,17,1
245,86,1
245,123,1
245,19,1
245,137,1
245,87,1
245,5,1
245,60,1
246,127,1
246,121,0
246,46,1
246,125,1
246,29,0
246,27,1
246,9,0
246,26,0
246,34,1
246,19,1
246,32,1
246,7,1
246,59,0
246,11,1
246,89,0
246,30,0
246,21,1
246,6,1
246,78,1
246,20,1
247,41,1
247,45,1
247,90,1
247,61,1
247,9,1
247,30,1
247,7,1
247,57,1
247,60,1
247,86,1
247,4,1
247,27,1
247,71,1
247,58,1
247,13,1
247,17,1
247,46,0
247,29,1
247,114,1
247,25,1
248,2,1
248,17,0
248,48,1
248,78,1
248,7,1
248,24,0
248,104,1
248,61,0
248,21,1
248,6,1
248,118,1
248,31,1
248,66,0
248,23,0
248,40,0
248,27,1
248,90,1
248,9,1
248,41,1
248,19,1
249,111,1
249,30,1
249,5,1
249,70,1
249,66,1
249,27,1
249,49,1
249,12,1
249,75,1
249,31,1
249,78,1
249,16,1
249,73,1
249,88,1
249,50,1
249,85,1
249,84,1
249,6,1
249,42,1
249,7,1
250,95,0
250,39,1
250,119,0
250,75,1
250,7,1
250,31,1
250,27,1
250,103,1
250,62,1
250,9,0
250,14,1
250,56,1
250,8,0
250,34,0
250,5,1
250,33,0
250,13,1
250,36,1
250,30,1
250,135,0
251,86,1
251,7,1
251,118,1
251,59,1
251,48,1
251,9,1
251,42,1
251,26,1
251,36,1
251,46,1
251,11,1
251,15,1
251,71,1
251,8,1
251,2,1
251,70,1
251,27,1
251,6,1
251,23,1
251,31,1
252,92,1
252,82,1
252,12,1
252,7,1
252,10,1
252,58,1
252,29,1
252,107,1
252,49,1
252,30,1
252,22,1
252,37,0
252,59,0
252,63,1
252,26,1
252,27,1
252,1,1
252,50,1
252,36,1
252,5,1
253,19,0
253,16,0
253,22,0
253,25,1
253,13,0
253,30,1
253,7,0
253,3,1
253,58,1
253,59,0
253,9,0
253,23,0
253,107,1
253,29,1
253,4,1
253,27,0
253,63,0
253,12,0
253,97,0
253,79,0
254,48,1
254,50,1
254,15,1
254,5,1
254,3,1
254,16,1
254,75,1
254,19,1
254,2,1
254,119,1
254,4,1
254,107,1
254,17,1
254,20,1
254,26,1
254,72,1
254,74,1
254,12,1
254,27,1
254,18,1
255,15,1
255,85,1
255,27,1
255,28,1
255,99,1
255,34,1
255,40,1
255,56,1
255,17,1
255,29,1
255,19,1
255,2,1
255,122,1
255,5,1
255,4,1
255,46,1
255,26,1
255,13,1
255,107,1
255,9,1
256,27,0
256,58,0
256,107,0
256,86,0
256,11,0
256,59,0
256,93,0
256,57,0
256,7,0
256,54,0
256,43,0
256,61,0
256,85,0
256,13,0
256,30,0
256,31,0
256,28,0
256,56,0
256,52,0
256,12,0
257,59,1
257,79,1
257,30,1
257,29,1
257,48,1
257,95,1
257,52,1
257,9,1
257,108,1
257,41,1
257,33,1
257,8,1
257,7,1
257,2,1
257,39,1
257,27,1
257,85,1
257,17,1
257,73,1
257,19,1
258,42,1
258,54,1
258,2,1
258,38,1
258,72,1
258,86,1
258,60,1
258,7,1
258,17,1
258,30,1
258,66,1
258,46,1
258,43,1
258,26,1
258,96,1
258,58,1
258,41,1
258,40,1
258,33,1
258,20,1
259,13,1
259,86,1
259,36,1
259,7,1
259,54,1
259,2,1
259,19,1
259,61,1
259,48,1
259,58,1
259,119,1
259,9,1
259,27,1
259,10,1
259,17,1
259,11,1
259,60,1
259,15,1
259,43,1
259,3,1
260,29,1
260,118,1
260,15,1
260,60,1
260,22,1
260,40,1
260,61,1
260,16,1
260,59,0
260,43,1
260,58,1
260,107,1
260,50,1
260,7,1
260,20,1
260,3,0
260,98,0
260,5,1
260,6,0
260,34,1
261,28,1
261,61,1
261,5,1
261,114,1
261,97,1
261,37,1
261,19,1
261,93,1
261,29,1
261,23,1
261,119,1
261,69,1
261,30,1
261,50,1
261,16,1
261,54,1
261,66,1
261,7,1
261,59,1
261,11,1
262,89,1
262,23,1
262,56,1
262,10,1
262,61,1
262,119,1
262,26,1
262,7,1
262,71,1
262,29,1
262,15,1
262,6,1
262,36,1
262,27,1
262,96,1
262,11,1
262,63,0
262,113,1
262,5,1
262,28,1
263,116,1
263,61,1
263,48,1
263,39,1
263,28,0
263,78,1
263,7,1
263,30,1
263,124,1
263,43,1
263,9,1
263,72,1
263,93,0
263,17,1
263,68,1
263,1,0
263,14,1
263,127,1
263,27,1
263,56,1
264,59,1
264,15,1
264,7,1
264,26,1
264,27,1
264,71,1
264,31,0
264,88,1
264,46,1
264,48,1
264,23,0
264,63,1
264,41,1
264,9,1
264,40,1
264,10,1
264,79,1
264,54,1
264,8,1
264,24,1
265,62,0
265,58,0
265,36,0
265,28,0
265,20,0
265,91,1
265,17,0
265,12,0
265,27,0
265,2,0
265,70,1
265,43,1
265,54,0
265,48,0
265,11,1
265,31,1
265,39,0
265,60,0
265,9,0
265,3,0
266,24,1
266,45,1
266,2,1
266,48,1
266,97,1
266,36,1
266,9,0
266,16,1
266,95,1
266,70,1
266,21,1
266,14,1
266,7,1
266,6,1
266,86,1
266,69,1
266,56,1
266,23,1
266,27,1
266,30,1
267,63,0
267,41,0
267,55,0
267,117,0
267,82,1
267,83,1
267,9,1
267,96,1
267,62,1
267,3,1
267,37,1
267,59,1
267,34,1
267,7,1
267,15,1
267,48,1
267,27,1
267,16,1
267,36,1
267,11,1
268,24,0
268,44,0
268,9,0
268,27,0
268,62,0
268,34,0
268,48,0
268,6,0
268,66,1
268,23,1
268,1,0
268,59,1
268,124,0
268,12,0
268,29,0
268,60,0
268,43,0
268,30,0
268,61,0
268,10,0
269,6,1
269,19,1
269,3,1
269,11,1
269,31,1
269,42,0
269,55,1
269,71,1
269,30,1
269,7,1
269,4,1
269,66,1
269,111,1
269,5,1
269,14,1
269,54,1
269,59,1
269,39,1
269,29,1
269,27,1
270,26,1
270,83,1
270,15,0
270,99,0
270,60,0
270,23,0
270,17,0
270,78,0
270,62,0
270,111,0
270,14,0
270,107,0
270,92,0
270,85,0
270,19,0
270,18,0
270,61,0
270,55,0
270,29,0
270,8,0
271,86,1
271,16,1
271,69,1
271,9,1
271,5,1
271,121,1
271,43,1
271,26,1
271,61,1
271,12,1
271,59,0
271,63,0
271,14,1
271,60,1
271,39,1
271,98,0
271,53,0
271,28,1
271,57,1
271,67,1
272,16,1
272,15,1
272,114,0
272,76,1
272,101,1
272,5,1
272,98,1
272,6,1
272,43,1
272,21,1
272,27,1
272,40,1
272,29,1
272,7,1
272,3,1
272,55,1
272,2,1
272,33,1
272,9,1
272,25,1
273,5,1
273,116,1
273,6,0
273,44,1
273,41,1
273,87,1
273,62,0
273,7,1
273,58,1
273,49,1
273,13,1
273,98,1
273,31,1
273,46,1
273,43,0
273,15,1
273,56,1
273,14,1
273,3,1
273,21,1
274,107,0
274,2,0
274,16,0
274,26,0
274,68,0
274,27,0
274,30,0
274,31,0
274,60,0
274,66,1
274,59,0
274,128,0
274,33,0
274,28,0
274,24,0
274,39,0
274,21,0
274,40,0
274,9,0
274,6,0
275,16,0
275,2,1
275,10,0
275,30,1
275,108,1
275,48,0
275,93,0
275,27,1
275,98,1
275,31,0
275,6,1
275,9,1
275,17,1
275,23,0
275,94,1
275,15,1
275,33,1
275,62,0
275,34,1
275,18,1
276,19,1
276,90,1
276,17,0
276,26,1
276,118,1
276,9,0
276,93,1
276,51,1
276,62,1
276,25,1
276,59,1
276,66,1
276,7,1
276,6,1
276,42,1
276,27,1
276,52,1
276,38,1
276,11,1
276,15,1
277,41,1
277,61,1
277,55,1
277,69,1
277,72,1
277,25,1
277,37,1
277,16,1
277,14,1
277,6,1
277,134,1
277,3,1
277,29,1
277,17,1
277,85,1
277,60,1
277,46,1
277,33,1
277,21,1
277,9,1
278,139,1
278,24,1
278,23,1
278,40,1
278,7,1
278,49,1
278,5,1
278,17,1
278,114,0
278,19,1
278,11,1
278,92,1
278,30,1
278,6,1
278,56,1
278,112,1
278,58,1
278,9,1
278,59,1
278,12,1
279,31,0
279,9,0
279,29,1
279,13,1
279,92,1
279,80,1
279,71,1
279,40,0
279,67,0
279,18,1
279,33,0
279,30,1
279,28,0
279,23,1
279,10,1
279,22,1
279,12,1
279,17,0
279,63,0
279,56,1
280,75,1
280,16,1
280,87,1
280,67,1
280,7,1
280,26,1
280,18,1
280,55,1
280,66,1
280,34,1
280,4,1
280,44,1
280,23,1
280,70,1
280,85,1
280,6,1
280,28,1
280,12,1
280,21,1
280,91,1
281,9,0
281,48,0
281,51,0
281,30,0
281,23,0
281,86,0
281,10,0
281,26,0
281,69,0
281,59,0
281,3,0
281,15,0
281,14,0
281,31,1
281,66,0
281,121,0
281,55,0
281,52,0
281,7,0
281,99,0
282,55,0
282,20,1
282,30,1
282,82,1
282,13,1
282,10,1
282,11,1
282,28,0
282,96,1
282,5,1
282,27,1
282,17,0
282,88,1
282,54,1
282,23,0
282,37,1
282,19,1
282,69,1
282,46,0
282,95,1
283,127,1
283,7,1
283,9,1
283,19,1
283,41,1
283,86,1
283,11,1
283,21,1
283,1,0
283,61,1
283,2,1
283,27,1
283,119,1
283,23,1
283,12,1
283,20,1
283,40,1
283,6,0
283,28,1
283,24,1
284,21,1
284,40,1
284,33,1
284,16,1
284,19,1
284,46,1
284,43,1
284,28,1
284,27,1
284,30,1
284,120,1
284,6,1
284,60,1
284,134,1
284,50,1
284,2,1
284,93,1
284,108,1
284,24,1
284,54,1
285,34,1
285,8,1
285,119,1
285,22,0
285,73,1
285,1,0
285,61,1
285,26,1
285,31,1
285,7,1
285,19,1
285,112,1
285,5,1
285,20,1
285,71,0
285,108,1
285,6,0
285,25,1
285,29,1
285,97,1
286,106,1
286,77,1
286,26,1
286,27,1
286,28,1
286,36,1
286,25,1
286,18,1
286,7,1
286,70,1
286,61,1
286,15,1
286,40,1
286,30,1
286,52,1
286,66,1
286,91,1
286,43,1
286,68,1
286,55,1
287,23,1
287,16,1
287,2,1
287,57,1
287,22,1
287,88,1
287,62,0
287,29,1
287,34,1
287,37,1
287,91,1
287,48,0
287,27,1
287,108,1
287,87,0
287,7,1
287,13,1
287,10,0
287,30,1
287,20,1
288,17,1
288,60,1
288,86,1
288,11,1
288,54,1
288,35,1
288,9,1
288,12,1
288,120,1
288,97,1
288,62,1
288,61,1
288,10,1
288,7,1
288,98,1
288,46,1
288,2,1
288,37,1
288,5,1
288,56,1
289,65,1
289,27,1
289,10,1
289,2,1
289,16,1
289,61,1
289,119,1
289,135,1
289,48,1
289,37,1
289,46,1
289,86,1
289,72,1
289,70,1
289,12,1
289,29,1
289,26,1
289,11,1
289,99,1
289,56,1
290,26,0
290,9,1
290,37,0
290,82,1
290,103,1
290,11,1
290,12,1
290,43,1
290,41,1
290,42,1
290,10,1
290,39,1
290,87,1
290,54,1
290,15,1
290,79,1
290,23,0
290,67,1
290,28,1
290,48,1
291,66,0
291,104,0
291,12,0
291,70,0
291,13,0
291,75,0
291,123,0
291,93,0
291,17,0
291,71,0
291,36,0
291,79,0
291,9,0
291,27,0
291,28,0
291,23,0
291,60,0
291,48,0
291,29,0
291,40,0
292,10,1
292,69,1
292,38,1
292,66,1
292,39,1
292,59,1
292,27,1
292,82,1
292,56,1
292,97,1
292,124,1
292,11,1
292,43,1
292,63,1
292,65,1
292,12,1
292,118,1
292,30,1
292,9,1
292,1,0
293,58,1
293,115,0
293,98,0
293,3,1
293,55,0
293,26,1
293,9,1
293,6,1
293,59,1
293,62,1
293,101,1
293,36,1
293,113,1
293,52,1
293,40,0
293,69,1
293,27,1
293,44,1
293,86,1
293,114,1
294,60,1
294,14,1
294,23,1
294,27,1
294,56,1
294,7,1
294,48,1
294,50,1
294,66,1
294,59,1
294,9,1
294,43,1
294,85,1
294,101,1
294,19,1
294,4,1
294,36,1
294,30,1
294,67,1
294,61,1
295,4,1
295,41,1
295,9,1
295,7,1
295,40,1
295,69,1
295,58,1
295,12,1
295,59,1
295,56,1
295,37,1
295,26,1
295,61,1
295,23,1
295,15,1
295,30,1
295,85,1
295,11,1
295,27,1
295,29,1
296,47,1
296,103,1
296,46,1
296,107,1
296,127,1
296,6,1
296,15,1
296,39,0
296,61,1
296,34,1
296,89,1
296,69,0
296,9,1
296,48,1
296,2,1
296,31,1
296,21,1
296,20,1
296,71,1
296,30,1
297,29,0
297,114,1
297,24,0
297,2,0
297,125,0
297,6,0
297,41,0
297,61,0
297,40,0
297,72,0
297,3,0
297,27,0
297,112,0
297,71,0
297,9,0
297,23,0
297,85,0
297,58,0
297,34,0
297,74,0
298,33,1
298,17,1
298,59,1
298,38,1
298,10,1
298,18,1
298,5,1
298,19,1
298,15,1
298,34,1
298,7,1
298,48,1
298,31,1
298,62,1
298,23,1
298,71,1
298,56,1
298,50,1
298,6,1
298,60,1
299,48,1
299,6,1
299,31,0
299,9,1
299,7,1
299,56,1
299,98,1
299,37,1
299,25,1
299,23,0
299,125,1
299,11,1
299,12,1
299,107,1
299,28,1
299,74,1
299,29,1
299,44,1
299,88,1
299,30,1
300,2,1
300,127,1
300,3,1
300,129,1
300,113,1
300,50,1
300,59,1
300,7,1
300,6,1
300,57,1
300,58,1
300,30,1
300,107,1
300,11,1
300,27,1
300,21,1
300,8,1
300,4,1
300,15,1
300,53,0
301,13,1
301,37,0
301,57,1
301,11,1
301,27,1
301,97,1
301,7,1
301,23,0
301,73,1
301,93,1
301,54,1
301,16,1
301,72,0
301,43,1
301,25,1
301,9,1
301,98,1
301,3,1
301,30,1
301,46,1
302,27,0
302,29,0
302,128,0
302,21,0
302,15,0
302,37,1
302,25,0
302,23,0
302,14,0
302,3,0
302,87,0
302,107,0
302,16,0
302,7,0
302,19,0
302,33,0
302,11,0
302,71,0
302,115,0
302,129,0
303,59,1
303,23,1
303,12,1
303,72,1
303,18,1
303,99,1
303,62,1
303,69,1
303,48,1
303,13,1
303,56,1
303,85,1
303,7,1
303,66,1
303,96,1
303,9,1
303,29,1
303,43,1
303,70,1
303,127,1
304,107,1
304,44,1
304,59,1
304,7,1
304,8,1
304,31,1
304,69,1
304,114,0
304,3,1
304,27,1
304,41,1
304,58,1
304,17,1
304,62,1
304,85,1
304,61,1
304,6,1
304,78,1
304,119,1
304,28,1
305,30,1
305,12,1
305,44,1
305,21,1
305,26,1
305,111,1
305,13,1
305,38,1
305,56,1
305,16,1
305,59,1
305,66,1
305,40,1
305,29,1
305,24,0
305,7,1
305,84,1
305,62,1
305,27,1
305,83,1
306,8,1
306,6,1
306,56,1
306,78,1
306,122,1
306,48,1
306,85,1
306,30,1
306,41,1
306,26,1
306,93,1
306,16,1
306,23,1
306,7,1
306,40,1
306,95,0
306,72,1
306,107,1
306,43,1
306,27,1
307,44,1
307,41,1
307,12,1
307,107,1
307,58,1
307,7,1
307,40,1
307,61,1
307,14,1
307,33,1
307,13,1
307,59,1
307,60,1
307,15,1
307,27,1
307,48,1
307,1,0
307,43,1
307,29,1
307,37,1
308,79,1
308,27,1
308,134,1
308,21,1
308,54,1
308,114,1
308,111,1
308,11,1
308,92,1
308,60,1
308,74,1
308,8,1
308,3,1
308,20,1
308,95,1
308,40,1
308,9,1
308,2,1
308,46,1
308,39,1
309,88,1
309,27,1
309,58,1
309,28,1
309,93,1
309,33,1
309,66,1
309,15,1
309,60,1
309,31,1
309,6,1
309,9,1
309,107,1
309,48,1
309,21,1
309,37,0
309,7,1
309,23,0
309,5,1
309,43,1
310,37,0
310,41,1
310,40,1
310,28,0
310,108,1
310,12,1
310,29,1
310,27,1
310,1,1
310,48,1
310,5,1
310,7,1
310,31,0
310,121,1
310,69,1
310,34,1
310,73,0
310,9,1
310,19,1
310,30,1
311,19,0
311,60,0
311,120,0
311,10,0
311,1,0
311,9,0
311,62,0
311,56,0
311,15,0
311,7,0
311,37,0
311,29,0
311,16,0
311,63,0
311,27,0
311,39,0
311,30,0
311,14,0
311,33,0
311,42,0
312,40,1
312,29,1
312,61,1
312,21,1
312,59,1
312,37,1
312,17,0
312,11,1
312,6,1
312,7,1
312,9,1
312,62,1
312,95,1
312,58,1
312,19,1
312,52,1
312,23,1
312,86,1
312,1,0
312,90,1
313,32,1
313,13,1
313,93,1
313,111,1
313,19,1
313,10,1
313,40,1
313,107,1
313,119,1
313,24,1
313,2,1
313,30,1
313,26,1
313,48,1
313,3,1
313,17,1
313,6,1
313,15,1
313,9,1
313,118,1
314,61,1
314,66,1
314,20,0
314,30,0
314,60,1
314,72,0
314,48,1
314,4,0
314,92,0
314,113,1
314,19,1
314,59,0
314,27,1
314,71,1
314,73,1
314,70,0
314,110,0
314,140,1
314,7,1
314,46,0
315,30,1
315,11,1
315,44,1
315,66,1
315,40,1
315,26,1
315,73,1
315,59,1
315,35,1
315,58,1
315,27,1
315,96,1
315,21,1
315,50,1
315,8,1
315,126,1
315,6,1
315,68,1
315,9,1
315,22,1
316,18,1
316,43,1
316,66,1
316,12,1
316,125,1
316,47,1
316,7,1
316,17,1
316,56,1
316,5,0
316,111,1
316,11,1
316,22,1
316,15,1
316,54,1
316,40,1
316,52,1
316,19,1
316,36,1
316,23,1
317,11,1
317,6,1
317,62,1
317,26,1
317,23,1
317,68,1
317,52,1
317,7,1
317,42,1
317,14,1
317,8,1
317,3,1
317,30,1
317,43,1
317,99,1
317,48,1
317,49,1
317,31,1
317,70,1
317,69,1
318,7,1
318,9,1
318,8,1
318,31,1
318,17,1
318,59,1
318,35,1
318,19,1
318,14,1
318,43,1
318,33,1
318,42,0
318,28,1
318,6,1
318,24,1
318,115,1
318,5,1
318,65,1
318,56,1
318,27,1
319,48,0
319,6,1
319,19,0
319,60,0
319,47,1
319,20,0
319,17,0
319,13,0
319,121,1
319,37,1
319,27,0
319,42,1
319,46,1
319,9,0
319,112,0
319,7,0
319,21,0
319,44,0
319,52,0
319,90,0
320,75,1
320,86,1
320,43,1
320,62,1
320,49,1
320,26,1
320,15,1
320,39,1
320,13,1
320,82,1
320,29,1
320,7,1
320,38,1
320,59,1
320,55,1
320,44,1
320,11,1
320,9,1
320,66,1
320,21,1
321,60,1
321,85,1
321,36,1
321,7,1
321,27,1
321,120,1
321,14,1
321,38,1
321,37,0
321,19,1
321,13,1
321,58,1
321,6,0
321,43,0
321,92,1
321,9,1
321,118,1
321,66,1
321,25,0
321,41,1
322,14,1
322,58,1
322,2,1
322,49,1
322,9,1
322,38,1
322,12,1
322,59,1
322,13,1
322,111,1
322,6,1
322,96,1
322,60,1
322,93,1
322,27,1
322,98,1
322,118,1
322,37,1
322,7,1
322,40,1
323,59,1
323,92,1
323,66,1
323,48,1
323,43,1
323,70,1
323,4,1
323,20,1
323,21,1
323,9,1
323,5,1
323,27,1
323,30,1
323,61,1
323,6,1
323,37,1
323,97,1
323,56,1
323,31,0
323,60,1
324,43,1
324,40,1
324,17,1
324,23,1
324,48,1
324,31,1
324,30,1
324,22,1
324,56,1
324,7,1
324,18,1
324,105,1
324,29,1
324,11,1
324,8,1
324,59,1
324,9,1
324,20,1
324,71,1
324,27,1
325,71,1
325,51,1
325,61,1
325,31,1
325,56,1
325,16,1
325,27,1
325,15,1
325,62,1
325,7,1
325,29,1
325,5,1
325,9,1
325,43,1
325,19,1
325,91,1
325,20,1
325,17,1
325,6,1
325,41,1
326,52,1
326,126,1
326,101,1
326,55,1
326,127,1
326,2,1
326,51,1
326,96,1
326,6,1
326,140,1
326,9,1
326,38,1
326,11,1
326,73,1
326,27,1
326,30,1
326,86,1
326,15,1
326,79,1
326,56,1
327,119,1
327,16,1
327,9,1
327,25,1
327,27,1
327,59,1
327,11,1
327,121,1
327,65,1
327,37,1
327,14,1
327,26,1
327,61,1
327,56,1
327,6,1
327,12,1
327,40,1
327,29,1
327,92,1
327,7,1
328,73,1
328,20,1
328,27,1
328,108,1
328,30,1
328,99,1
328,39,1
328,2,1
328,37,0
328,3,1
328,6,0
328,33,1
328,90,1
328,9,1
328,19,1
328,46,1
328,43,1
328,50,1
328,7,1
328,34,0
329,41,0
329,15,0
329,2,1
329,7,0
329,27,0
329,44,0
329,99,0
329,36,1
329,59,0
329,5,0
329,34,0
329,24,0
329,16,0
329,29,0
329,31,1
329,30,0
329,19,0
329,33,1
329,9,0
329,20,1
330,17,1
330,43,1
330,7,1
330,45,1
330,25,1
330,51,1
330,3,1
330,73,1
330,59,1
330,9,1
330,119,1
330,26,1
330,48,1
330,5,1
330,75,1
330,50,1
330,11,1
330,2,1
330,21,1
330,28,1
331,56,1
331,27,1
331,74,1
331,58,1
331,41,1
331,72,1
331,29,1
331,45,1
331,30,1
331,71,1
331,68,1
331,23,1
331,98,0
331,6,1
331,3,1
331,10,1
331,14,1
331,60,1
331,9,1
331,7,1
332,23,1
332,95,1
332,72,1
332,90,1
332,8,1
332,59,1
332,43,0
332,50,1
332,12,1
332,9,1
332,115,1
332,2,0
332,20,1
332,86,1
332,88,1
332,36,0
332,28,0
332,5,1
332,27,1
332,30,1
333,33,1
333,14,1
333,107,1
333,12,1
333,9,1
333,85,1
333,108,1
333,54,1
333,46,1
333,27,1
333,20,1
333,30,1
333,58,1
333,16,1
333,62,1
333,13,1
333,17,1
333,18,1
333,40,1
333,41,1
334,42,1
334,140,1
334,43,1
334,92,1
334,26,1
334,9,1
334,27,1
334,19,1
334,31,1
334,48,1
334,112,1
334,87,1
334,98,1
334,37,1
334,73,1
334,29,1
334,22,1
334,71,1
334,7,1
334,50,1
335,40,0
335,9,0
335,30,1
335,15,0
335,33,0
335,97,0
335,26,0
335,42,0
335,71,1
335,2,0
335,61,1
335,109,1
335,99,0
335,31,0
335,24,0
335,73,0
335,32,0
335,27,0
335,85,0
335,20,0
336,2,1
336,97,1
336,41,1
336,9,0
336,59,1
336,7,1
336,58,1
336,16,1
336,19,1
336,23,1
336,31,1
336,60,1
336,27,1
336,61,1
336,71,1
336,30,1
336,12,1
336,3,1
336,26,1
336,15,1
337,99,0
337,27,1
337,36,1
337,24,0
337,57,1
337,4,1
337,88,1
337,7,1
337,115,0
337,30,1
337,60,1
337,29,1
337,20,1
337,59,1
337,6,1
337,16,0
337,26,0
337,11,1
337,56,1
337,9,1
338,56,1
338,9,1
338,61,1
338,85,1
338,27,1
338,86,1
338,24,1
338,13,1
338,5,1
338,60,1
338,15,1
338,2,1
338,97,1
338,25,1
338,122,1
338,32,1
338,111,1
338,138,0
338,21,1
338,23,1
339,58,1
339,97,1
339,63,1
339,27,1
339,6,1
339,3,1
339,93,1
339,60,1
339,30,1
339,119,1
339,29,1
339,7,1
339,19,1
339,23,1
339,48,1
339,15,1
339,2,1
339,111,1
339,17,0
339,39,1
340,61,0
340,7,0
340,15,0
340,119,0
340,5,0
340,31,0
340,20,0
340,17,0
340,16,0
340,29,0
340,48,0
340,60,0
340,43,0
340,90,0
340,34,0
340,2,0
340,26,0
340,62,0
340,98,0
340,23,0
341,61,1
341,56,1
341,25,1
341,66,1
341,29,1
341,115,1
341,6,1
341,10,1
341,26,1
341,28,1
341,23,1
341,13,1
341,12,1
341,7,1
341,58,1
341,2,1
341,5,1
341,27,1
341,30,1
341,9,1
342,57,0
342,28,0
342,49,0
342,71,0
342,30,0
342,41,0
342,11,0
342,26,0
342,36,0
342,19,0
342,27,0
342,46,0
342,61,0
342,60,0
342,43,0
342,17,0
342,3,0
342,21,0
342,12,0
342,48,0
343,73,0
343,106,0
343,9,0
343,5,0
343,125,0
343,72,0
343,6,0
343,7,0
343,28,0
343,16,0
343,15,0
343,13,0
343,107,0
343,29,0
343,46,0
343,27,0
343,108,0
343,30,0
343,88,1
343,95,1
344,6,0
344,30,0
344,127,0
344,56,0
344,44,0
344,26,0
344,5,0
344,20,0
344,7,0
344,2,0
344,10,0
344,60,0
344,62,0
344,29,0
344,27,0
344,51,0
344,24,0
344,86,0
344,39,1
344,32,0
345,61,1
345,59,1
345,112,1
345,45,1
345,8,1
345,17,1
345,11,1
345,81,0
345,29,1
345,115,1
345,88,1
345,57,1
345,34,1
345,10,0
345,7,1
345,46,1
345,36,1
345,23,0
345,9,1
345,27,1
346,23,0
346,69,0
346,107,0
346,51,0
346,19,0
346,96,0
346,108,0
346,31,1
346,105,0
346,16,0
346,114,1
346,3,0
346,32,0
346,9,0
346,72,0
346,37,1
346,2,0
346,11,0
346,6,0
346,27,0
347,5,0
347,117,0
347,37,0
347,4,1
347,15,0
347,46,0
347,20,0
347,9,0
347,8,0
347,112,1
347,98,0
347,31,0
347,30,0
347,96,0
347,28,0
347,6,0
347,29,0
347,27,1
347,17,0
347,141,0
348,26,1
348,48,0
348,103,1
348,52,1
348,27,1
348,72,1
348,54,0
348,29,1
348,31,1
348,17,0
348,53,0
348,8,0
348,40,1
348,9,0
348,24,0
348,106,1
348,81,0
348,38,0
348,60,1
348,44,1
349,96,0
349,43,0
349,17,0
349,16,0
349,28,0
349,86,0
349,61,0
349,39,0
349,2,0
349,54,0
349,60,0
349,7,0
349,26,0
349,9,0
349,48,0
349,59,1
349,5,0
349,3,0
349,55,0
349,30,0
350,52,0
350,8,0
350,27,0
350,39,0
350,127,0
350,6,0
350,34,0
350,61,0
350,50,0
350,24,0
350,7,0
350,20,0
350,51,0
350,26,0
350,30,0
350,9,0
350,15,0
350,69,0
350,21,0
350,113,0
351,99,0
351,70,0
351,7,0
351,2,0
351,26,1
351,19,1
351,48,0
351,32,0
351,34,0
351,16,0
351,30,0
351,77,0
351,5,0
351,23,1
351,28,0
351,17,0
351,59,0
351,13,1
351,20,0
351,27,0
352,11,0
352,12,0
352,71,0
352,15,0
352,17,0
352,7,0
352,116,0
352,56,0
352,10,0
352,108,0
352,6,0
352,30,0
352,9,0
352,113,0
352,75,0
352,46,0
352,57,0
352,86,0
352,93,0
352,48,0
353,27,0
353,75,0
353,17,0
353,108,0
353,46,0
353,8,0
353,56,0
353,26,0
353,119,0
353,3,0
353,40,0
353,6,0
353,24,0
353,95,0
353,29,0
353,30,0
353,43,0
353,9,0
353,7,0
353,93,0
354,49,0
354,21,0
354,35,0
354,37,0
354,98,0
354,15,0
354,30,0
354,46,0
354,54,0
354,8,0
354,7,0
354,29,0
354,17,0
354,9,0
354,61,0
354,12,0
354,33,0
354,26,0
354,36,0
354,27,0
355,24,1
355,81,1
355,44,1
355,42,1
355,69,1
355,27,1
355,59,1
355,4,1
355,116,1
355,15,1
355,39,1
355,101,1
355,2,1
355,30,1
355,19,1
355,9,1
355,121,1
355,38,1
355,7,1
355,35,1
356,9,0
356,22,0
356,14,0
356,56,0
356,58,0
356,107,0
356,27,0
356,29,0
356,41,0
356,124,0
356,87,0
356,37,0
356,19,0
356,73,0
356,40,0
356,20,1
356,6,0
356,2,0
356,59,0
356,11,0
357,43,0
357,98,0
357,86,0
357,28,0
357,37,0
357,10,1
357,24,0
357,11,0
357,29,0
357,57,0
357,30,0
357,5,0
357,111,0
357,120,0
357,6,0
357,46,0
357,17,0
357,2,1
357,36,0
357,88,0
358,19,0
358,20,0
358,50,0
358,118,0
358,9,0
358,121,0
358,30,0
358,42,0
358,70,0
358,34,0
358,7,0
358,111,0
358,37,0
358,21,0
358,119,0
358,4,0
358,23,0
358,38,0
358,39,0
358,8,0
359,9,0
359,15,0
359,38,0
359,61,0
359,22,0
359,63,0
359,27,0
359,71,0
359,114,1
359,134,0
359,46,0
359,31,0
359,30,0
359,118,0
359,25,0
359,8,0
359,88,0
359,65,0
359,87,0
359,60,0
360,27,0
360,74,0
360,4,0
360,121,0
360,22,0
360,11,0
360,48,0
360,29,0
360,88,0
360,30,0
360,122,0
360,46,0
360,116,0
360,2,0
360,10,0
360,37,0
360,17,0
360,114,0
360,61,0
360,7,0
361,28,0
361,78,0
361,57,0
361,7,0
361,70,0
361,40,0
361,13,0
361,37,1
361,11,0
361,4,0
361,29,0
361,25,0
361,27,0
361,12,0
361,20,0
361,93,0
361,34,0
361,6,0
361,2,0
361,59,0
362,33,0
362,27,0
362,21,0
362,7,0
362,19,0
362,9,0
362,6,0
362,56,0
362,13,0
362,36,0
362,5,0
362,70,0
362,52,0
362,85,0
362,28,0
362,23,0
362,30,0
362,12,0
362,2,0
362,54,0
363,27,0
363,122,0
363,75,0
363,5,0
363,39,0
363,13,0
363,30,0
363,99,0
363,59,0
363,2,0
363,93,0
363,1,0
363,32,1
363,26,0
363,41,0
363,82,0
363,44,0
363,8,0
363,19,0
363,37,1
364,107,0
364,9,0
364,88,0
364,39,0
364,62,0
364,115,0
364,54,0
364,86,0
364,48,0
364,34,0
364,26,0
364,56,0
364,6,0
364,23,0
364,79,0
364,16,0
364,74,0
364,11,0
364,108,0
364,37,1
365,7,0
365,6,0
365,13,1
365,39,0
365,69,0
365,30,1
365,85,0
365,41,0
365,58,0
365,16,0
365,27,0
365,29,0
365,28,0
365,125,0
365,12,0
365,48,0
365,23,0
365,20,0
365,26,0
365,61,0
366,14,0
366,6,1
366,42,0
366,86,1
366,11,0
366,79,1
366,27,0
366,90,1
366,40,0
366,23,1
366,12,1
366,9,0
366,108,0
366,7,0
366,29,0
366,30,0
366,25,1
366,115,0
366,15,0
366,5,0
367,16,0
367,23,0
367,103,0
367,94,0
367,59,0
367,9,0
367,45,0
367,55,0
367,60,0
367,20,0
367,50,1
367,7,0
367,19,0
367,11,0
367,27,0
367,43,0
367,37,0
367,14,0
367,6,0
367,30,0
368,10,0
368,31,0
368,46,0
368,22,0
368,13,0
368,2,0
368,54,0
368,60,0
368,38,0
368,17,0
368,34,0
368,25,0
368,58,0
368,118,0
368,56,0
368,39,0
368,11,0
368,59,0
368,67,0
368,92,0
369,88,0
369,114,1
369,26,0
369,73,0
369,41,0
369,46,0
369,36,0
369,98,0
369,60,0
369,31,1
369,15,0
369,96,0
369,89,0
369,18,0
369,108,0
369,97,0
369,92,0
369,29,0
369,49,0
369,30,0
370,30,0
370,10,0
370,137,0
370,72,0
370,29,0
370,20,0
370,62,0
370,98,0
370,60,0
370,103,0
370,61,0
370,46,0
370,37,0
370,41,0
370,73,0
370,17,0
370,28,0
370,14,0
370,55,0
370,33,0
371,49,0
371,23,0
371,17,0
371,40,0
371,39,0
371,27,0
371,45,0
371,79,0
371,6,0
371,86,1
371,11,0
371,15,0
371,58,0
371,30,0
371,26,0
371,34,0
371,125,0
371,9,0
371,96,0
371,5,0
372,48,0
372,6,0
372,13,0
372,12,0
372,19,0
372,30,0
372,23,0
372,20,0
372,119,0
372,40,0
372,26,0
372,121,0
372,15,0
372,87,0
372,11,0
372,7,0
372,59,0
372,14,0
372,9,0
372,5,0
373,9,0
373,30,0
373,62,0
373,52,0
373,86,0
373,29,0
373,39,0
373,111,0
373,28,0
373,17,0
373,26,0
373,25,0
373,27,0
373,82,0
373,24,0
373,75,0
373,16,0
373,92,0
373,21,0
373,3,0
374,7,0
374,69,0
374,49,0
374,30,0
374,22,0
374,32,0
374,90,0
374,46,0
374,130,0
374,25,0
374,60,0
374,28,0
374,26,1
374,3,0
374,55,0
374,36,0
374,42,0
374,38,0
374,86,0
374,43,0
375,82,0
375,59,1
375,42,0
375,7,0
375,5,0
375,43,0
375,71,0
375,66,0
375,107,0
375,37,1
375,23,0
375,61,0
375,22,0
375,8,0
375,69,0
375,16,0
375,13,0
375,20,0
375,30,0
375,50,0
376,19,0
376,75,0
376,30,0
376,60,0
376,17,0
376,37,0
376,56,0
376,5,0
376,71,0
376,78,0
376,44,0
376,9,0
376,27,0
376,29,0
376,21,0
376,48,0
376,61,0
376,69,0
376,36,0
376,20,0
377,29,0
377,61,0
377,25,0
377,96,1
377,27,0
377,11,0
377,43,0
377,37,1
377,111,0
377,17,0
377,94,0
377,8,0
377,50,0
377,41,0
377,7,0
377,46,0
377,15,0
377,65,0
377,26,0
377,9,0
378,71,1
378,48,1
378,46,1
378,18,0
378,6,1
378,23,1
378,82,1
378,61,1
378,44,1
378,55,0
378,98,1
378,111,1
378,30,1
378,107,0
378,86,1
378,40,0
378,11,0
378,9,0
378,33,1
378,26,1
379,39,0
379,40,0
379,6,0
379,36,0
379,13,0
379,68,0
379,16,0
379,12,0
379,60,0
379,5,0
379,9,0
379,42,0
379,17,0
379,27,0
379,20,0
379,30,0
379,8,0
379,23,0
379,7,0
379,86,0
380,21,0
380,1,0
380,27,0
380,28,0
380,16,0
380,93,0
380,17,0
380,18,0
380,9,0
380,11,0
380,7,1
380,10,0
380,19,0
380,6,0
380,20,1
380,4,0
380,36,0
380,37,0
380,119,0
380,59,1
381,2,0
381,40,0
381,83,0
381,60,0
381,16,0
381,13,0
381,30,0
381,28,0
381,43,0
381,59,0
381,4,0
381,11,0
381,21,0
381,6,0
381,29,0
381,56,0
381,66,0
381,37,0
381,111,0
381,20,0
382,32,0
382,12,0
382,58,0
382,26,0
382,2,0
382,118,0
382,27,0
382,29,0
382,72,0
382,28,0
382,115,0
382,21,0
382,50,0
382,63,0
382,119,0
382,5,0
382,101,0
382,41,0
382,6,0
382,13,0
383,11,1
383,24,1
383,16,1
383,2,1
383,10,1
383,37,1
383,19,1
383,61,1
383,26,1
383,9,1
383,12,1
383,113,1
383,27,1
383,17,1
383,5,1
383,86,1
383,69,1
383,15,1
383,50,1
383,101,1
384,25,0
384,9,0
384,34,0
384,59,0
384,60,0
384,39,0
384,61,0
384,13,0
384,16,0
384,54,0
384,42,0
384,85,0
384,7,0
384,11,0
384,69,0
384,6,0
384,55,0
384,14,0
384,79,0
384,43,0
385,19,0
385,49,0
385,6,0
385,50,0
385,9,0
385,85,0
385,21,0
385,23,0
385,48,0
385,28,0
385,7,0
385,8,0
385,62,0
385,130,0
385,12,0
385,32,0
385,119,0
385,36,0
385,107,0
385,24,0
386,72,0
386,99,0
386,22,0
386,9,0
386,26,0
386,28,0
386,63,0
386,14,0
386,45,0
386,71,0
386,88,0
386,36,0
386,70,0
386,119,0
386,85,0
386,37,1
386,21,0
386,27,0
386,40,0
386,6,0
387,71,0
387,9,0
387,21,0
387,8,0
387,2,0
387,60,0
387,45,0
387,58,0
387,7,0
387,63,0
387,86,0
387,93,0
387,28,0
387,37,0
387,85,0
387,17,0
387,87,0
387,59,0
387,67,0
387,12,0
388,55,0
388,10,0
388,2,0
388,52,0
388,56,0
388,93,0
388,6,0
388,22,0
388,71,0
388,48,0
388,34,0
388,14,0
388,15,0
388,29,0
388,7,0
388,60,0
388,27,0
388,23,1
388,81,0
388,37,0
389,9,0
389,57,0
389,27,0
389,58,0
389,36,0
389,56,0
389,3,0
389,1,0
389,40,0
389,7,0
389,94,0
389,6,0
389,86,0
389,34,0
389,29,0
389,59,0
389,46,0
389,11,0
389,26,0
389,90,0
390,16,0
390,61,0
390,107,0
390,82,0
390,7,0
390,23,0
390,12,0
390,48,0
390,30,0
390,88,0
390,50,0
390,42,0
390,6,0
390,27,0
390,60,0
390,22,0
390,43,0
390,8,0
390,108,0
390,51,0
391,71,0
391,9,0
391,56,0
391,40,0
391,69,0
391,91,0
391,30,0
391,16,0
391,19,0
391,57,0
391,34,0
391,12,0
391,41,0
391,28,0
391,48,0
391,20,0
391,43,0
391,67,0
391,61,0
391,70,0
392,25,0
392,12,0
392,58,0
392,37,0
392,29,0
392,27,0
392,7,0
392,71,0
392,24,0
392,46,0
392,30,0
392,23,0
392,50,0
392,6,0
392,63,0
392,42,0
392,11,0
392,8,0
392,9,0
392,56,0
393,63,0
393,7,0
393,111,0
393,30,0
393,15,0
393,19,0
393,52,0
393,20,0
393,9,0
393,43,0
393,79,0
393,26,0
393,38,1
393,41,0
393,27,0
393,40,0
393,39,0
393,33,1
393,29,0
393,50,0
394,118,0
394,23,0
394,62,0
394,46,0
394,22,0
394,15,1
394,9,1
394,40,0
394,50,0
394,56,0
394,5,0
394,20,1
394,91,0
394,93,1
394,17,0
394,61,0
394,117,0
394,27,1
394,108,1
394,21,0
395,8,1
395,25,1
395,87,0
395,6,0
395,107,0
395,65,1
395,57,1
395,5,0
395,15,1
395,40,1
395,12,1
395,83,1
395,36,1
395,101,0
395,47,1
395,9,0
395,86,1
395,30,1
395,92,0
395,7,1
396,61,0
396,20,0
396,9,0
396,77,0
396,7,0
396,21,0
396,92,1
396,49,0
396,26,0
396,6,0
396,11,0
396,40,0
396,46,0
396,83,0
396,17,0
396,13,0
396,33,0
396,27,0
396,34,0
396,8,0
397,6,0
397,97,0
397,16,0
397,26,0
397,23,0
397,51,0
397,27,0
397,63,0
397,4,0
397,7,0
397,60,0
397,33,0
397,56,0
397,9,0
397,30,0
397,22,0
397,14,0
397,12,0
397,105,0
397,98,0
398,119,0
398,2,0
398,9,0
398,5,0
398,30,0
398,99,0
398,98,0
398,6,0
398,10,0
398,17,0
398,27,0
398,60,0
398,16,0
398,36,0
398,28,0
398,43,0
398,45,0
398,72,0
398,29,0
398,26,0
399,48,0
399,10,1
399,26,0
399,7,0
399,93,0
399,104,0
399,44,0
399,16,0
399,20,0
399,113,0
399,18,0
399,72,0
399,9,0
399,27,0
399,19,0
399,79,0
399,2,0
399,71,0
399,47,0
399,117,0
400,37,0
400,30,0
400,107,0
400,21,0
400,40,0
400,2,0
400,50,0
400,75,0
400,27,0
400,130,0
400,29,0
400,5,0
400,90,0
400,44,0
400,96,0
400,16,0
400,34,0
400,20,0
400,60,0
400,91,0
401,20,0
401,19,0
401,92,0
401,31,0
401,56,0
401,43,0
401,28,0
401,36,0
401,82,0
401,108,0
401,60,0
401,59,0
401,72,0
401,15,0
401,24,0
401,27,0
401,6,0
401,30,0
401,58,0
401,68,0
402,62,0
402,12,0
402,82,0
402,69,0
402,4,0
402,33,0
402,111,0
402,17,0
402,60,0
402,57,0
402,11,0
402,96,0
402,23,0
402,39,0
402,13,0
402,40,0
402,30,0
402,54,0
402,43,0
402,27,0
403,19,0
403,79,1
403,2,1
403,12,0
403,61,0
403,49,0
403,120,0
403,88,0
403,81,0
403,39,0
403,34,0
403,13,1
403,26,0
403,7,0
403,20,1
403,21,0
403,42,0
403,127,0
403,17,0
403,27,1
404,10,0
404,34,0
404,79,0
404,89,0
404,7,0
404,13,0
404,43,0
404,96,0
404,21,0
404,116,0
404,27,0
404,9,0
404,107,0
404,25,0
404,26,0
404,55,0
404,93,0
404,56,0
404,23,0
404,28,0
405,12,0
405,23,0
405,71,0
405,59,0
405,127,0
405,93,0
405,62,0
405,49,0
405,17,0
405,4,0
405,20,0
405,3,0
405,27,0
405,82,0
405,10,0
405,11,0
405,104,0
405,33,0
405,6,0
405,60,0
406,5,0
406,38,0
406,6,0
406,2,0
406,36,0
406,120,0
406,9,0
406,27,0
406,60,0
406,7,0
406,49,0
406,45,0
406,20,0
406,41,0
406,39,0
406,26,0
406,134,0
406,61,0
406,31,0
406,15,0
407,119,0
407,26,0
407,86,1
407,69,0
407,103,0
407,59,0
407,28,0
407,37,1
407,27,0
407,8,0
407,9,0
407,39,0
407,5,0
407,58,0
407,34,0
407,7,0
407,6,0
407,60,0
407,46,0
407,10,1
408,20,0
408,8,0
408,60,0
408,7,0
408,24,0
408,61,0
408,124,0
408,82,0
408,21,0
408,1,0
408,2,0
408,46,0
408,43,0
408,40,0
408,30,0
408,37,0
408,19,0
408,42,0
408,139,0
408,62,0
409,23,1
409,30,0
409,2,0
409,61,0
409,36,0
409,62,1
409,49,0
409,9,0
409,113,0
409,44,0
409,86,0
409,32,1
409,20,0
409,97,0
409,121,0
409,27,0
409,26,0
409,111,0
409,5,0
409,58,0
410,43,1
410,26,0
410,72,0
410,10,0
410,20,0
410,104,0
410,30,0
410,40,0
410,66,0
410,17,0
410,27,0
410,29,0
410,14,0
410,107,0
410,59,1
410,48,0
410,56,0
410,131,1
410,89,0
410,69,0
411,19,0
411,14,0
411,2,0
411,86,0
411,27,0
411,55,0
411,29,0
411,13,0
411,62,0
411,87,0
411,63,0
411,37,0
411,69,0
411,12,0
411,107,0
411,40,0
411,72,0
411,8,1
411,88,0
411,11,0
412,5,1
412,9,1
412,6,1
412,11,1
412,12,1
412,59,1
412,64,1
412,15,1
412,39,1
412,56,1
412,31,1
412,7,1
412,2,1
412,60,1
412,108,1
412,30,1
412,20,1
412,49,1
412,42,0
412,16,1
413,30,0
413,46,0
413,36,0
413,107,0
413,7,0
413,25,0
413,23,0
413,6,0
413,31,0
413,106,0
413,5,0
413,89,0
413,19,0
413,12,0
413,14,0
413,18,1
413,40,0
413,78,0
413,9,0
413,27,0
414,19,0
414,25,0
414,50,0
414,118,0
414,111,0
414,95,1
414,12,0
414,60,0
414,8,0
414,30,0
414,96,0
414,10,0
414,13,0
414,29,0
414,97,0
414,94,0
414,7,0
414,27,0
414,6,0
414,42,0
415,9,0
415,40,0
415,71,0
415,19,0
415,115,0
415,17,0
415,21,0
415,27,0
415,51,0
415,121,0
415,7,0
415,56,0
415,37,0
415,16,0
415,82,0
415,34,0
415,107,0
415,46,0
415,13,0
415,85,0
416,22,0
416,26,0
416,40,0
416,20,0
416,46,0
416,9,0
416,50,0
416,102,0
416,30,0
416,29,0
416,49,0
416,25,0
416,3,0
416,42,0
416,36,0
416,7,0
416,43,0
416,5,0
416,11,0
416,56,0
417,96,0
417,48,0
417,107,0
417,11,0
417,57,0
417,50,0
417,9,0
417,30,0
417,71,0
417,7,0
417,40,0
417,23,0
417,17,0
417,29,0
417,26,0
417,16,0
417,46,0
417,69,0
417,61,0
417,5,0
418,26,0
418,5,0
418,66,0
418,8,0
418,61,0
418,10,0
418,7,0
418,101,0
418,27,0
418,42,0
418,12,0
418,41,0
418,33,0
418,83,0
418,120,0
418,9,0
418,20,0
418,6,1
418,21,0
418,23,0
419,23,0
419,17,0
419,90,0
419,97,0
419,55,0
419,111,0
419,56,0
419,53,0
419,38,0
419,72,0
419,94,0
419,46,0
419,6,0
419,85,0
419,62,0
419,19,0
419,5,0
419,120,0
419,25,0
419,104,0
420,39,0
420,5,0
420,79,0
420,56,0
420,87,0
420,16,0
420,9,0
420,11,0
420,7,0
420,51,0
420,101,0
420,52,0
420,43,0
420,67,0
420,30,0
420,59,0
420,60,0
420,24,0
420,28,0
420,27,0
421,56,0
421,72,0
421,25,0
421,13,0
421,41,0
421,2,0
421,15,0
421,7,0
421,67,0
421,30,0
421,21,0
421,29,0
421,8,0
421,1,0
421,43,0
421,19,0
421,52,0
421,11,0
421,49,0
421,20,0
422,20,0
422,8,0
422,11,1
422,37,1
422,6,0
422,43,0
422,88,1
422,107,1
422,17,0
422,64,0
422,22,0
422,48,1
422,27,1
422,44,1
422,61,1
422,57,0
422,9,0
422,71,1
422,19,0
422,46,1
423,27,0
423,72,0
423,18,0
423,9,0
423,107,0
423,113,0
423,43,0
423,95,1
423,31,1
423,15,0
423,30,0
423,29,0
423,23,1
423,7,0
423,36,0
423,37,1
423,6,0
423,14,0
423,112,0
423,61,0
424,61,0
424,89,0
424,11,0
424,71,0
424,23,0
424,96,0
424,73,0
424,85,0
424,6,0
424,1,0
424,15,0
424,7,0
424,43,0
424,33,0
424,18,0
424,26,0
424,17,0
424,31,1
424,107,0
424,27,0
425,41,0
425,7,0
425,38,0
425,96,1
425,98,0
425,23,0
425,43,0
425,26,0
425,121,0
425,16,0
425,107,0
425,59,0
425,46,0
425,19,0
425,67,0
425,29,0
425,31,1
425,5,0
425,18,0
425,71,0
426,2,1
426,9,1
426,25,1
426,39,1
426,61,1
426,30,1
426,21,1
426,24,0
426,119,1
426,7,1
426,46,1
426,60,1
426,35,0
426,14,1
426,79,1
426,5,1
426,69,1
426,51,1
426,45,1
426,88,1
427,18,1
427,29,1
427,7,1
427,73,1
427,19,1
427,86,1
427,11,1
427,43,1
427,55,1
427,17,1
427,39,1
427,75,1
427,119,1
427,59,1
427,37,1
427,107,1
427,48,1
427,97,1
427,27,1
427,111,1
428,58,0
428,5,0
428,66,0
428,43,0
428,14,0
428,40,0
428,9,0
428,6,0
428,27,0
428,7,0
428,17,0
428,127,0
428,95,0
428,114,0
428,11,0
428,10,0
428,59,0
428,38,0
428,37,0
428,69,0
429,44,0
429,26,0
429,70,0
429,21,0
429,36,0
429,68,0
429,50,0
429,7,0
429,6,0
429,11,0
429,15,0
429,34,0
429,73,0
429,27,0
429,39,0
429,52,0
429,25,0
429,29,0
429,13,0
429,23,0
430,20,0
430,6,0
430,37,0
430,40,0
430,61,0
430,21,0
430,23,0
430,60,0
430,26,0
430,58,0
430,31,1
430,95,1
430,86,0
430,107,0
430,7,0
430,136,0
430,56,0
430,29,0
430,96,0
430,55,0
431,69,0
431,34,0
431,46,0
431,30,0
431,48,0
431,37,0
431,92,0
431,6,0
431,13,0
431,72,0
431,59,0
431,51,0
431,7,0
431,20,0
431,61,0
431,28,0
431,62,0
431,26,0
431,10,0
431,27,0
432,40,0
432,69,0
432,27,0
432,115,0
432,86,0
432,96,0
432,62,0
432,52,0
432,30,0
432,44,0
432,34,0
432,120,0
432,13,0
432,16,0
432,38,0
432,82,0
432,15,0
432,93,0
432,28,0
432,43,0
433,13,1
433,37,1
433,28,0
433,114,1
433,55,0
433,27,1
433,21,0
433,30,0
433,41,0
433,16,1
433,75,0
433,98,0
433,12,1
433,43,0
433,2,0
433,60,0
433,10,1
433,23,0
433,7,1
433,5,0
434,28,0
434,60,0
434,11,0
434,15,0
434,43,0
434,40,0
434,46,0
434,16,0
434,7,0
434,3,0
434,26,0
434,6,0
434,56,0
434,107,0
434,5,0
434,125,0
434,27,0
434,29,0
434,78,0
434,32,0
435,7,0
435,9,0
435,27,0
435,97,0
435,36,0
435,10,0
435,140,0
435,15,0
435,85,0
435,12,0
435,60,0
435,19,0
435,113,0
435,72,0
435,69,0
435,107,0
435,48,0
435,20,0
435,50,0
435,58,0
436,98,0
436,120,0
436,7,0
436,13,0
436,107,0
436,79,0
436,40,0
436,26,0
436,30,0
436,90,0
436,58,1
436,56,0
436,88,0
436,127,0
436,9,0
436,27,0
436,65,0
436,20,0
436,28,0
436,21,0
437,114,0
437,90,0
437,7,0
437,5,0
437,87,0
437,29,0
437,60,0
437,26,0
437,20,0
437,68,0
437,28,0
437,54,0
437,27,0
437,101,0
437,103,1
437,14,0
437,58,0
437,36,0
437,44,0
437,62,0
438,112,0
438,60,0
438,6,0
438,59,1
438,107,0
438,12,0
438,36,0
438,88,0
438,115,0
438,91,0
438,23,0
438,9,0
438,5,0
438,20,0
438,27,0
438,32,0
438,86,1
438,69,0
438,2,0
438,10,0
439,36,0
439,60,0
439,28,0
439,73,0
439,59,0
439,29,0
439,21,0
439,27,0
439,13,0
439,30,0
439,93,0
439,9,0
439,6,0
439,16,0
439,71,0
439,138,0
439,139,0
439,11,0
439,48,0
439,62,0
440,71,0
440,17,0
440,41,0
440,56,0
440,121,0
440,24,0
440,46,0
440,43,0
440,44,0
440,28,0
440,25,0
440,105,0
440,9,0
440,97,0
440,30,0
440,61,0
440,7,0
440,6,0
440,13,0
440,21,0
441,98,0
441,119,1
441,26,0
441,125,0
441,6,0
441,118,0
441,5,0
441,7,0
441,37,0
441,93,0
441,58,0
441,39,0
441,54,0
441,69,0
441,15,0
441,30,0
441,36,0
441,33,0
441,21,0
441,27,0
442,14,0
442,2,0
442,17,0
442,72,0
442,40,0
442,11,0
442,107,0
442,61,0
442,19,0
442,45,0
442,42,0
442,56,0
442,59,0
442,41,0
442,34,0
442,99,0
442,87,0
442,10,1
442,16,0
442,37,0
443,9,1
443,30,1
443,127,1
443,27,1
443,6,1
443,2,1
443,29,1
443,1,0
443,13,1
443,10,1
443,15,1
443,4,1
443,118,1
443,28,0
443,17,1
443,19,1
443,11,1
443,98,1
443,96,1
443,99,0
444,22,0
444,43,0
444,14,0
444,40,0
444,7,0
444,11,0
444,86,0
444,36,0
444,66,0
444,114,1
444,21,0
444,56,0
444,58,0
444,121,0
444,85,0
444,6,0
444,37,0
444,28,0
444,23,0
444,92,0
445,79,0
445,107,0
445,29,0
445,25,0
445,88,0
445,75,0
445,78,0
445,13,0
445,23,0
445,12,0
445,33,0
445,9,0
445,40,0
445,56,0
445,15,0
445,16,0
445,59,1
445,93,0
445,17,0
445,2,1
446,98,0
446,23,1
446,38,0
446,7,0
446,14,0
446,22,0
446,29,0
446,88,0
446,5,0
446,60,0
446,93,0
446,41,0
446,27,0
446,6,0
446,11,0
446,131,1
446,19,0
446,99,0
446,35,0
446,56,0
447,40,0
447,9,0
447,39,0
447,16,0
447,26,0
447,59,0
447,2,0
447,13,0
447,58,0
447,54,0
447,63,0
447,19,0
447,7,0
447,30,0
447,114,1
447,60,0
447,28,0
447,87,0
447,25,0
447,14,0
448,7,1
448,97,0
448,6,0
448,60,0
448,59,0
448,13,1
448,9,0
448,5,0
448,25,0
448,14,0
448,118,0
448,70,0
448,72,0
448,24,0
448,11,0
448,15,1
448,87,0
448,28,0
448,23,1
448,131,0
449,48,0
449,6,0
449,30,0
449,31,1
449,14,1
449,93,0
449,73,0
449,99,1
449,15,0
449,52,0
449,62,1
449,13,0
449,17,0
449,140,1
449,16,0
449,27,1
449,55,0
449,61,0
449,44,1
449,40,0
450,114,0
450,34,0
450,69,1
450,48,0
450,27,0
450,17,0
450,15,0
450,1,0
450,107,0
450,40,1
450,57,1
450,20,0
450,73,1
450,19,0
450,43,1
450,106,0
450,7,0
450,10,0
450,9,1
450,29,0
451,29,0
451,59,0
451,40,0
451,107,0
451,128,1
451,15,0
451,10,0
451,21,0
451,48,0
451,26,0
451,9,0
451,12,0
451,11,0
451,120,0
451,37,1
451,63,0
451,97,0
451,7,1
451,19,0
451,27,0
452,66,1
452,60,0
452,13,1
452,25,0
452,7,1
452,17,1
452,118,1
452,36,0
452,69,0
452,33,0
452,27,0
452,37,1
452,41,0
452,20,0
452,6,1
452,16,1
452,9,1
452,34,1
452,87,1
452,104,0
453,99,0
453,60,0
453,17,0
453,27,0
453,61,0
453,36,0
453,21,0
453,6,0
453,119,0
453,2,0
453,11,0
453,29,0
453,13,0
453,115,0
453,110,0
453,23,0
453,59,0
453,30,0
453,79,0
453,7,0
454,61,0
454,15,1
454,60,0
454,9,0
454,37,1
454,33,0
454,7,1
454,27,0
454,17,0
454,5,0
454,25,0
454,79,0
454,73,0
454,8,1
454,22,0
454,71,0
454,30,0
454,38,1
454,20,0
454,6,1
455,15,0
455,5,0
455,41,0
455,88,0
455,114,0
455,9,0
455,8,0
455,63,0
455,10,0
455,92,0
455,43,0
455,59,0
455,91,0
455,117,0
455,62,0
455,60,0
455,27,0
455,44,0
455,61,0
455,54,0
456,19,0
456,58,0
456,6,0
456,73,0
456,17,0
456,62,0
456,16,0
456,33,0
456,7,0
456,60,0
456,127,0
456,40,0
456,46,0
456,41,0
456,111,0
456,103,0
456,98,0
456,27,0
456,20,0
456,1,0
457,9,0
457,36,0
457,31,0
457,13,0
457,2,0
457,37,0
457,7,0
457,32,0
457,49,0
457,4,0
457,59,0
457,101,0
457,104,0
457,21,0
457,70,0
457,16,0
457,14,0
457,43,0
457,85,0
457,51,0
458,20,0
458,58,0
458,43,0
458,119,0
458,9,0
458,79,0
458,108,0
458,11,0
458,50,0
458,98,0
458,17,0
458,46,0
458,5,0
458,121,0
458,36,0
458,60,0
458,55,0
458,113,0
458,27,0
458,23,0
459,29,0
459,56,0
459,11,0
459,7,0
459,30,0
459,60,0
459,91,0
459,50,0
459,59,0
459,27,0
459,36,0
459,10,0
459,23,0
459,6,0
459,71,0
459,37,1
459,9,0
459,16,0
459,20,0
459,5,0
460,25,0
460,36,0
460,45,0
460,38,0
460,115,0
460,16,0
460,66,1
460,40,0
460,8,0
460,13,0
460,129,1
460,9,0
460,82,0
460,55,1
460,92,0
460,7,0
460,30,0
460,29,0
460,3,0
460,19,0
461,72,0
461,7,0
461,95,0
461,11,0
461,107,0
461,58,0
461,124,0
461,96,0
461,41,0
461,9,0
461,31,1
461,49,0
461,59,0
461,55,0
461,48,0
461,12,0
461,65,0
461,92,0
461,60,0
461,30,0
462,111,0
462,27,0
462,73,0
462,44,0
462,41,0
462,46,0
462,7,0
462,23,0
462,61,0
462,26,0
462,37,0
462,107,0
462,40,0
462,98,0
462,48,0
462,21,0
462,108,0
462,59,0
462,90,0
462,88,0
463,6,0
463,40,0
463,37,1
463,17,0
463,9,0
463,85,0
463,1,0
463,107,0
463,12,0
463,16,0
463,29,0
463,59,1
463,21,0
463,95,1
463,60,1
463,61,1
463,70,1
463,30,0
463,124,1
463,27,1
464,39,0
464,40,0
464,60,0
464,70,0
464,37,0
464,20,0
464,98,0
464,62,0
464,56,0
464,94,0
464,23,0
464,12,0
464,6,0
464,19,0
464,17,0
464,5,0
464,61,0
464,85,0
464,38,0
464,84,0
465,108,0
465,90,0
465,43,0
465,27,0
465,7,0
465,31,0
465,83,0
465,56,0
465,121,0
465,34,0
465,3,0
465,9,1
465,28,0
465,2,0
465,21,0
465,58,0
465,114,0
465,39,0
465,48,0
465,8,0
466,60,0
466,9,0
466,42,0
466,5,0
466,59,0
466,29,0
466,107,0
466,27,0
466,94,0
466,40,0
466,7,0
466,75,0
466,20,0
466,33,0
466,51,0
466,93,0
466,117,0
466,3,0
466,25,0
466,48,0
467,36,0
467,9,0
467,93,0
467,11,0
467,10,0
467,54,0
467,29,0
467,41,0
467,17,0
467,71,0
467,87,0
467,7,0
467,58,1
467,73,0
467,6,0
467,104,0
467,23,1
467,40,0
467,48,0
467,27,0
468,21,0
468,11,0
468,25,0
468,87,0
468,22,0
468,13,0
468,56,0
468,41,0
468,20,0
468,16,0
468,10,0
468,23,0
468,36,0
468,58,0
468,39,0
468,8,0
468,98,0
468,69,0
468,9,0
468,5,0
469,46,0
469,90,0
469,51,0
469,66,0
469,7,0
469,30,0
469,3,0
469,96,0
469,11,0
469,17,0
469,59,0
469,40,0
469,71,0
469,50,0
469,60,0
469,4,0
469,54,0
469,56,0
469,37,1
469,23,0
470,48,0
470,87,0
470,43,0
470,67,0
470,61,0
470,11,0
470,62,0
470,34,0
470,93,0
470,73,0
470,111,0
470,71,0
470,30,0
470,44,0
470,9,0
470,68,0
470,7,0
470,39,0
470,17,0
470,35,0
471,14,0
471,61,0
471,59,0
471,5,0
471,19,0
471,58,0
471,11,0
471,26,0
471,43,0
471,22,0
471,7,0
471,70,0
471,17,0
471,39,0
471,104,0
471,69,0
471,2,0
471,3,0
471,38,0
471,41,0
472,65,1
472,63,0
472,10,0
472,51,0
472,92,0
472,45,0
472,56,0
472,111,0
472,27,0
472,58,0
472,29,0
472,60,0
472,11,0
472,28,0
472,61,0
472,46,0
472,7,0
472,19,0
472,20,0
472,37,0
473,60,0
473,68,0
473,37,1
473,43,0
473,25,0
473,20,0
473,34,0
473,86,0
473,6,0
473,97,0
473,27,0
473,13,0
473,92,0
473,5,0
473,50,0
473,61,0
473,107,0
473,39,0
473,7,1
473,99,0
474,37,1
474,27,0
474,26,0
474,60,0
474,121,0
474,11,0
474,61,0
474,56,0
474,19,0
474,29,0
474,81,0
474,2,0
474,17,0
474,79,0
474,59,0
474,98,0
474,30,0
474,21,0
474,73,0
474,58,0
475,37,1
475,119,0
475,27,0
475,60,1
475,7,0
475,43,0
475,2,0
475,11,0
475,115,0
475,26,0
475,20,0
475,10,0
475,92,0
475,3,0
475,29,0
475,96,0
475,16,0
475,19,0
475,33,0
475,40,0
476,3,0
476,6,0
476,128,1
476,86,0
476,61,0
476,44,0
476,8,0
476,96,0
476,58,0
476,19,0
476,5,0
476,37,0
476,70,0
476,7,0
476,35,0
476,29,0
476,14,0
476,31,1
476,21,0
476,108,0
477,41,0
477,27,0
477,30,0
477,6,0
477,70,0
477,59,0
477,56,0
477,107,0
477,7,0
477,119,1
477,14,1
477,36,0
477,127,0
477,25,0
477,28,0
477,54,0
477,83,0
477,20,0
477,58,0
477,11,0
478,7,0
478,57,0
478,11,0
478,40,0
478,121,0
478,27,0
478,79,0
478,48,0
478,94,0
478,20,0
478,30,0
478,43,0
478,4,1
478,26,0
478,36,0
478,13,0
478,58,0
478,6,0
478,28,1
478,29,0
479,15,0
479,6,0
479,7,1
479,51,0
479,31,1
479,96,0
479,22,0
479,29,0
479,66,1
479,55,1
479,11,0
479,26,0
479,41,0
479,37,1
479,48,0
479,12,0
479,21,0
479,30,0
479,23,0
479,8,0
480,32,0
480,16,0
480,60,0
480,15,0
480,6,0
480,30,0
480,18,0
480,27,0
480,29,0
480,5,0
480,21,0
480,17,0
480,34,0
480,61,0
480,7,0
480,124,0
480,9,0
480,42,0
480,96,0
480,58,0
481,59,0
481,30,0
481,8,0
481,93,0
481,85,0
481,40,0
481,61,0
481,11,0
481,46,0
481,26,0
481,60,0
481,36,0
481,48,0
481,28,0
481,119,0
481,7,0
481,9,0
481,86,0
481,27,0
481,56,0
482,31,0
482,91,0
482,2,0
482,78,0
482,39,0
482,11,0
482,42,0
482,9,0
482,30,0
482,14,0
482,52,1
482,50,0
482,16,0
482,83,0
482,8,0
482,15,0
482,111,0
482,62,0
482,13,0
482,56,0
483,19,1
483,11,0
483,71,0
483,10,0
483,52,0
483,55,0
483,41,0
483,69,0
483,1,0
483,7,0
483,37,0
483,25,0
483,9,0
483,16,0
483,99,0
483,60,0
483,6,0
483,62,0
483,48,0
483,15,0
484,14,0
484,98,0
484,5,0
484,29,0
484,26,0
484,20,0
484,56,0
484,9,0
484,58,0
484,57,0
484,48,0
484,72,0
484,16,0
484,27,0
484,35,0
484,107,0
484,70,0
484,54,0
484,30,0
484,7,0
485,20,0
485,9,0
485,59,0
485,135,0
485,27,0
485,101,0
485,37,1
485,8,0
485,66,1
485,31,1
485,88,1
485,79,0
485,51,0
485,7,0
485,4,0
485,73,0
485,6,0
485,11,0
485,28,0
485,15,0
486,54,0
486,27,0
486,17,0
486,30,0
486,70,0
486,18,0
486,28,0
486,11,0
486,15,0
486,13,0
486,117,0
486,52,0
486,21,0
486,107,0
486,12,0
486,59,0
486,119,0
486,20,0
486,26,0
486,37,0
487,12,0
487,56,0
487,17,0
487,67,1
487,41,0
487,26,0
487,27,0
487,5,0
487,59,1
487,127,0
487,14,0
487,61,0
487,58,0
487,23,1
487,9,0
487,29,0
487,30,0
487,37,1
487,57,0
487,1,0
488,26,0
488,38,0
488,8,0
488,27,0
488,40,0
488,21,0
488,29,0
488,62,0
488,91,0
488,18,0
488,6,0
488,41,0
488,73,0
488,59,0
488,142,0
488,66,0
488,25,0
488,10,0
488,108,0
488,16,0
489,28,0
489,34,0
489,27,0
489,11,1
489,46,0
489,9,0
489,1,0
489,120,0
489,36,0
489,5,0
489,114,1
489,90,0
489,121,0
489,37,0
489,30,0
489,17,0
489,71,0
489,2,0
489,33,0
489,19,0
490,51,1
490,23,1
490,57,1
490,58,1
490,18,1
490,20,1
490,79,1
490,71,1
490,4,1
490,87,1
490,48,1
490,15,1
490,9,1
490,33,1
490,30,1
490,108,1
490,7,1
490,6,1
490,40,1
490,17,1
491,5,0
491,26,0
491,30,1
491,18,0
491,63,0
491,37,1
491,97,0
491,107,0
491,15,0
491,65,0
491,7,1
491,111,1
491,28,0
491,27,1
491,38,1
491,6,0
491,44,0
491,87,0
491,2,0
491,56,1
492,26,0
492,2,0
492,66,0
492,10,0
492,37,0
492,24,0
492,6,1
492,17,0
492,41,0
492,96,0
492,58,1
492,8,0
492,30,0
492,7,1
492,20,0
492,23,1
492,86,1
492,32,1
492,45,1
492,27,0
493,23,1
493,12,1
493,61,1
493,26,1
493,40,1
493,2,1
493,43,1
493,22,1
493,139,1
493,31,1
493,143,1
493,30,1
493,60,1
493,49,1
493,88,1
493,7,1
493,37,1
493,93,1
493,104,1
493,11,1
494,119,0
494,19,0
494,99,0
494,75,0
494,15,0
494,37,0
494,59,0
494,14,0
494,36,0
494,93,0
494,6,0
494,27,0
494,94,0
494,17,0
494,9,0
494,41,0
494,56,0
494,88,0
494,58,0
494,29,0
495,101,0
495,9,0
495,57,0
495,7,0
495,61,0
495,23,0
495,1,0
495,10,0
495,37,0
495,121,0
495,27,0
495,68,0
495,78,0
495,104,0
495,42,0
495,5,0
495,67,0
495,6,0
495,60,0
495,55,0
496,7,1
496,119,0
496,46,0
496,6,1
496,56,1
496,9,1
496,31,1
496,71,0
496,49,0
496,13,0
496,108,1
496,30,0
496,88,1
496,60,0
496,22,0
496,27,1
496,59,0
496,50,1
496,17,0
496,38,1
497,30,0
497,5,0
497,19,0
497,21,0
497,13,0
497,37,0
497,36,0
497,121,0
497,79,0
497,26,0
497,9,0
497,62,0
497,51,0
497,6,0
497,25,0
497,20,0
497,73,0
497,61,0
497,29,0
497,2,0
498,55,0
498,11,1
498,39,0
498,17,0
498,27,0
498,38,0
498,26,0
498,48,1
498,2,0
498,69,0
498,19,0
498,70,0
498,37,1
498,21,0
498,91,1
498,22,0
498,30,0
498,20,0
498,5,0
498,6,0
499,71,0
499,8,0
499,83,1
499,42,0
499,26,0
499,30,0
499,48,0
499,7,0
499,19,1
499,27,0
499,12,0
499,37,0
499,9,0
499,60,0
499,46,0
499,11,0
499,15,0
499,61,0
499,40,0
499,114,1
500,67,0
500,37,0
500,12,0
500,27,0
500,16,0
500,22,0
500,48,0
500,42,0
500,36,0
500,108,0
500,43,0
500,6,0
500,51,0
500,69,0
500,19,0
500,11,0
500,5,0
500,56,0
500,9,0
500,2,0
